"","X","Bifidobacteriaceae","Atopobiaceae","Coriobacteriaceae","Coriobacteriales.Incertae.Sedis","Eggerthellaceae","Bacteroidaceae","Bacteroidales.RF16.group","Barnesiellaceae","Dysgonomonadaceae","Marinifilaceae","Muribaculaceae","Prevotellaceae","Rikenellaceae","Tannerellaceae","Flavobacteriaceae","Clostridium.sp..K4410.MGS.306","Elusimicrobiaceae","Campylobacteraceae","Staphylococcaceae","Enterococcaceae","Lactobacillaceae","Streptococcaceae","Christensenellaceae","Clostridiaceae.1","Clostridiales.vadinBB60.group","Defluviitaleaceae","Family.XI","Family.XIII","Lachnospiraceae","Peptococcaceae","Peptostreptococcaceae","Ruminococcaceae","Erysipelotrichaceae","Acidaminococcaceae","Veillonellaceae","Fusobacteriaceae","Victivallaceae","vadinBE97","Oligosphaeraceae","Desulfovibrionaceae","Succinivibrionaceae","Shewanellaceae","Burkholderiaceae","Enterobacteriaceae","Halomonadaceae","Pasteurellaceae","Pseudomonadaceae","Spirochaetaceae","Synergistaceae","Anaeroplasmataceae","Puniceicoccaceae","Akkermansiaceae"
"1",1006,0,0.00112233445566779,0.0264550264550265,0,0.00160333493666827,0.0256533589866923,0,0,0,0.00256533589866923,0,0.0968414301747635,0.00208433541766875,0.0160333493666827,0,0,0,0,0,0,0,0.00112233445566779,0.0474587141253808,0,0.00128266794933462,0.000481000481000481,0,0.00144300144300144,0.27032227032227,0,0,0.371011704345038,0.0460157126823793,0.038961038961039,0.0163540163540164,0,0.000481000481000481,0,0,0.00160333493666827,0,0,0.00320666987333654,0,0,0,0,0,0,0,0,0.0278980278980279
"2",1008,0.0221503637833468,0.000485044462409054,0.00468876313662086,0,0.00226354082457559,0.218431689571544,0,0.0501212611156023,0,0.00355699272433306,0,0,0.0253839935327405,0.0111560226354082,0,0.00792239288601455,0,0,0,0,0,0.00129345189975748,0.000323362974939369,0.0208569118835893,0.000485044462409054,0,0,0.00113177041228779,0.327081649151172,0,0.00274858528698464,0.232174616006467,0.00388035569927243,0,0.0194017784963622,0,0,0,0,0,0,0,0.0383185125303153,0,0,0.00226354082457559,0,0,0,0,0,0.00388035569927243
"3",1011,0.00178339818417639,0.00372892347600519,0.00421530479896239,0,0.00356679636835279,0.0573929961089494,0,0.00518806744487678,0,0.000810635538261997,0.12094682230869,0.0209143968871595,0.0243190661478599,0.00291828793774319,0,0,0.000162127107652399,0,0,0,0,0,0.117055771725032,0.000648508430609598,0.0476653696498054,0,0,0.00486381322957198,0.0614461738002594,0,0.000486381322957198,0.346952010376135,0.0131322957198444,0.0453955901426719,0.00421530479896239,0,0.000648508430609598,0.000648508430609598,0.00859273670557717,0.0100518806744488,0.0228599221789883,0,0.00697146562905318,0.00664721141374838,0,0,0,0,0.000810635538261997,0,0.000486381322957198,0.0544747081712062
"4",1028,0.00624599615631006,0.00112107623318386,0.045483664317745,0,0.00288276745675849,0.000320307495195388,0,0,0,0.000160153747597694,0.00352338244714926,0.33888532991672,0.00400384368994234,0.00336322869955157,0,0,0,0,0,0,0.000160153747597694,0.0160153747597694,0.00240230621396541,0,0.000320307495195388,0.000320307495195388,0,0.000960922485586163,0.108424087123639,0,0,0.189141575912876,0.0174567584881486,0.0291479820627803,0.133888532991672,0,0,0.00112107623318386,0,0.00704676489429853,0.000800768737988469,0,0.00704676489429853,0.0797565663036515,0,0,0,0,0,0,0,0
"5",1029,0,0.000320153673763406,0.00160076836881703,0,0.00048023051064511,0.0105650712341924,0,0,0,0.000160076836881703,0.00592284296462302,0.0384184408516088,0.000640307347526813,0.00352169041139747,0,0,0.000160076836881703,0,0,0,0,0.00048023051064511,0.00160076836881703,0,0,0,0,0.000160076836881703,0.134464542980631,0,0,0.171442292300304,0.000160076836881703,0.0587481991355851,0.0569873539298863,0.00912437970225708,0,0,0,0.00448215143268769,0.496718424843925,0,0.00384184408516088,0,0,0,0,0,0,0,0,0
"6",1046,0.00160333493666827,0.00849767516434183,0.00929934263267597,0,0.00753567420234087,0.00529100529100529,0,0,0,0,0.00689434022767356,0.0634920634920635,0.0112233445566779,0.00144300144300144,0,0,0,0,0,0,0,0.0133076799743466,0.00256533589866923,0,0.000962000962000962,0.00256533589866923,0,0.00304633637966971,0.170434503767837,0.000160333493666827,0,0.246753246753247,0.0149110149110149,0.0309443642776976,0.114959114959115,0,0.000160333493666827,0,0,0.0195606862273529,0.0995670995670996,0,0.00112233445566779,0.16370049703383,0,0,0,0,0,0,0,0
"7",1050,0,0.000647983152438037,0.00129596630487607,0,0.00194394945731411,0.00826178519358497,0,0,0,0.000809978940547546,0.00858577676980398,0.312165883687024,0.0176575409039365,0.000485987364328527,0,0,0,0,0,0,0,0.000323991576219018,0.00680382310059938,0,0.0218694313947837,0.000647983152438037,0,0.00469787785517577,0.110157135914466,0.000161995788109509,0.000485987364328527,0.232463955937146,0.00566985258383282,0.0111777093795561,0.235055888546898,0,0.000161995788109509,0,0.00583184837194233,0.00599384416005184,0,0,0.00340191155029969,0,0,0,0,0,0,0,0.00323991576219018,0
"8",1056,0,0.000160282096489822,0.00593043757012342,0,0.000320564192979644,0.0262862638243308,0,0,0,0.0014425388684084,0,0.223112678313832,0.0137842602981247,0.00881551530694021,0,0,0,0,0,0,0,0.000160282096489822,0.000480846289469466,0.0294919057541273,0,0,0,0.000641128385959288,0.129828498156756,0,0.00609071966661324,0.100977720788588,0.00160282096489822,0.0352620612277609,0.000160282096489822,0.389806058663247,0,0,0,0.000961692578938932,0,0,0.0173104664209008,0.00320564192979644,0,0,0,0,0,0.00368648821926591,0,0.000480846289469466
"9",1067,0,0.00357665420256869,0.00764103397821492,0,0.00877906031539587,0.00162575191025849,0,0,0,0,0.000975451146155097,0.0447081775321086,0.00682815802308568,0.000162575191025849,0,0,0,0.000650300764103398,0,0,0,0.00243862786538774,0.0424321248577467,0,0.0232482523166965,0.000487725573077548,0,0.00276377824743944,0.0934807348398634,0,0,0.308892862949114,0.0139814664282231,0.036741993171842,0.0458462038692895,0.00650300764103398,0.000812875955129247,0.00162575191025849,0.00113802633718095,0.00260120305641359,0.307267111038855,0,0.0013006015282068,0,0,0.000162575191025849,0,0.0333279141602991,0,0,0,0
"10",1076,0.0510996119016818,0.00420439844760673,0.0082470892626132,0,0.00501293661060802,0.111739974126779,0,0,0,0.00679172056921087,0.0140685640362225,0.0046895213454075,0.0536869340232859,0.00630659767141009,0,0.000485122897800776,0,0,0,0,0,0.000808538163001294,0.033150064683053,0,0.00889391979301423,0,0,0.00582147477360931,0.161707632600259,0,0,0.416720569210867,0.00388098318240621,0.00242561448900388,0.0402652005174644,0.000970245795601552,0.000646830530401035,0,0,0.0234476067270375,0,0,0.00954075032341527,0.00436610608020699,0,0,0,0,0,0,0,0.0210219922380336
"11",1088,0,0,0.0144069153193533,0,0.0049623819433328,0.00800384184408516,0,0,0,0,0,0.481991355850808,0,0.00352169041139747,0,0,0,0,0,0,0,0.00544261245397791,0.00048023051064511,0,0,0,0,0,0.197534816712022,0,0.000800384184408516,0.158956299023531,0.0200096046102129,0,0.0858011845685929,0,0,0,0,0,0,0,0.0172882983832239,0.000160076836881703,0,0.000640307347526813,0,0,0,0,0,0
"12",1094,0,0.000163907556138338,0.00147516800524504,0,0.00163907556138338,0.00147516800524504,0.012129159154237,0,0,0.000491722668415014,0.0142599573840354,0.188657597115227,0.0286838223242091,0.00245861334207507,0,0,0.0476970988362563,0,0,0,0,0.00540894935256515,0.0668742829044419,0.0081953778069169,0.00721193247008687,0.000983445336830028,0,0.00458941157187346,0.168333060154073,0.000327815112276676,0,0.273397803638748,0.0150794951647271,0.0611375184396001,0.0229470578593673,0,0,0.00262252089821341,0,0.000983445336830028,0.024258318308474,0,0.00917882314374693,0.00163907556138338,0,0,0,0,0,0.0277003769873791,0,0
"13",1106,0,0.00112125580650328,0.00480538202787122,0,0.0067275348390197,0.000320358801858081,0,0,0,0.000320358801858081,0.00961076405574243,0.310908217203268,0.00224251161300657,0.000320358801858081,0,0,0,0,0,0,0,0.00208233221207753,0.00368412622136793,0,0.00448502322601313,0,0,0.00144161460836136,0.221688290885792,0.000160179400929041,0.000961076405574243,0.211116450424475,0.00688771423994874,0.0848950824923915,0.0762453948422233,0,0,0.000480538202787122,0,0.000320358801858081,0.0419670030434086,0,0.00560627903251642,0,0,0,0,0,0,0.000800897004645203,0.000160179400929041,0.000640717603716162
"14",1114,0.00371024734982332,0.00159010600706714,0.00424028268551237,0,0.00159010600706714,0.00088339222614841,0,0,0,0.000530035335689046,0.0187279151943463,0.260424028268551,0.0121908127208481,0.000530035335689046,0,0,0,0,0,0,0,0.000353356890459364,0.00106007067137809,0.00583038869257951,0.0148409893992933,0,0,0.00335689045936396,0.20530035335689,0,0.00459363957597173,0.307243816254417,0.00971731448763251,0.000176678445229682,0.129328621908127,0,0,0,0,0.00282685512367491,0.000706713780918728,0,0.00530035335689046,0,0,0,0,0,0,0.0049469964664311,0,0
"15",1115,0.0107317073170732,0,0.0334959349593496,0,0.000650406504065041,0.106829268292683,0,0.0349593495934959,0,0.00894308943089431,0.000813008130081301,0.0048780487804878,0.0731707317073171,0.00211382113821138,0,0,0,0,0,0,0,0.000975609756097561,0.16130081300813,0,0.0647154471544715,0,0,0.00048780487804878,0.111869918699187,0,0,0.315934959349593,0.00666666666666667,0.00650406504065041,0.0130081300813008,0.00032520325203252,0.00016260162601626,0,0,0.0130081300813008,0,0,0.0245528455284553,0.0032520325203252,0,0,0,0,0,0,0,0.000650406504065041
"16",1123,0.00103359173126615,0.000689061154177433,0.00844099913867356,0,0.00585701981050818,0.296640826873385,0,0,0,0.00310077519379845,0,0,0.00275624461670973,0.0349698535745047,0,0,0,0,0,0,0,0.00223944875107666,0.00292850990525409,0.000516795865633075,0,0,0,0.00189491817398794,0.185185185185185,0,0.00189491817398794,0.304392764857881,0.00930232558139535,0.0640826873385013,0.0360034453057709,0,0,0,0,0.00327304048234281,0,0,0.0313522825150732,0,0,0.00344530577088717,0,0,0,0,0,0
"17",1124,0.00112125580650328,0.00112125580650328,0.00945058465481339,0,0.00304340861765177,0.00320358801858081,0,0,0,0.000160179400929041,0.0225852955309947,0.195098510331571,0.0599070959474612,0.00416466442415505,0,0,0,0,0,0,0.000160179400929041,0.000640717603716162,0.0192215281114849,0.000640717603716162,0.00400448502322601,0,0,0.00128143520743232,0.142559666826846,0,0.00192215281114849,0.316354316834855,0.0961076405574243,0.0203427839179881,0.027711036360724,0,0,0.000480538202787122,0,0.0134550696780394,0.0051257408297293,0,0.0485343584814993,0.000640717603716162,0,0,0,0.000961076405574243,0,0,0,0
"18",1129,0.00503246753246753,0,0.0194805194805195,0.000162337662337662,0.00162337662337662,0.308928571428571,0,0.0194805194805195,0,0.00487012987012987,0,0,0.0665584415584416,0.013961038961039,0,0.00113636363636364,0,0,0,0,0,0,0.00665584415584416,0,0.000487012987012987,0,0,0.0225649350649351,0.138474025974026,0,0,0.300162337662338,0.000162337662337662,0.0771103896103896,0,0,0,0,0,0.00357142857142857,0,0,0.00795454545454545,0,0,0,0,0,0,0,0,0.00162337662337662
"19",1135,0.00658111220796315,0.000493583415597236,0.000822639025995393,0,0.00213886146758802,0.000329055610398157,0,0,0,0,0.000329055610398157,0.195459032576505,0.0054294175715696,0,0,0,0,0,0,0,0,0.000329055610398157,0.00180980585718987,0.00115169463639355,0.0223757815070747,0,0,0.00246791707798618,0.0957551826258638,0,0.000164527805199079,0.0909838762750905,0.000822639025995393,0.0602171767028628,0.256992431720961,0,0,0.000329055610398157,0.000822639025995393,0.00394866732477789,0.236426456071076,0,0.0054294175715696,0.00131622244159263,0,0,0,0.00674564001316222,0,0.000329055610398157,0,0
"20",1149,0.0255829015544041,0.00194300518134715,0.0197538860103627,0,0.00631476683937824,0.000809585492227979,0,0,0,0,0.000161917098445596,0.077720207253886,0.0263924870466321,0.00161917098445596,0,0,0.0111722797927461,0.000323834196891192,0,0,0.000485751295336788,0.000647668393782383,0.0127914507772021,0.00275259067357513,0.0780440414507772,0.000323834196891192,0,0.00356217616580311,0.185718911917098,0,0.00161917098445596,0.398639896373057,0.0454987046632124,0.0417746113989637,0.0356217616580311,0,0,0.00113341968911917,0,0.00420984455958549,0.00259067357512953,0,0.00178108808290155,0,0,0,0,0,0,0,0.0110103626943005,0
"21",1155,0.00098135426889107,0.00245338567222767,0.00719659797186784,0,0.00327118089630357,0.0412168792934249,0,0.0014720314033366,0,0.00114491331370625,0.00163559044815178,0.0258423290807982,0.0139025188092902,0.0109584560026169,0,0,0,0,0,0,0,0,0.121851488387308,0.0022898266274125,0.0407262021589794,0.000817795224075891,0,0.00523388943408571,0.0886490022898266,0,0.00327118089630357,0.469414458619562,0.00948642459928034,0.00964998364409552,0.0145567549885509,0,0.000490677134445535,0.000817795224075891,0,0.0209355577363428,0,0,0.00196270853778214,0.0644422636571802,0,0,0,0,0.0258423290807982,0,0.000654236179260713,0.00883218842001963
"22",1157,0.00670241286863271,0.00184316353887399,0.00971849865951743,0,0.00435656836461126,0.0125670241286863,0,0.00385388739946381,0,0.0028485254691689,0.00787533512064343,0.233076407506702,0.0175938337801609,0.00217828418230563,0,0,0.0115616621983914,0,0,0,0,0.000167560321715818,0.0341823056300268,0.000167560321715818,0.015583109919571,0,0,0.00435656836461126,0.239108579088472,0.00117292225201072,0,0.303954423592493,0.0263069705093834,0.0331769436997319,0.0177613941018767,0,0,0,0,0.00368632707774799,0,0,0.00619973190348525,0,0,0,0,0,0,0,0,0
"23",1164,0.0239934264585045,0.000493015612161052,0.0106820049301561,0,0.00493015612161052,0.000328677074774034,0.000657354149548069,0,0,0,0.00870994248151191,0.302218570254725,0.00936729663105998,0,0,0,0.00115036976170912,0.000328677074774034,0,0,0.0037797863599014,0,0.00394412489728841,0.000328677074774034,0.0057518488085456,0,0,0.00213640098603122,0.0591618734593262,0.000328677074774034,0,0.123253903040263,0.00805258833196384,0.0691865242399343,0.180936729663106,0,0,0.00213640098603122,0.00164338537387017,0.00197206244864421,0.149383730484799,0,0.00197206244864421,0,0,0,0,0.0231717337715694,0,0,0,0
"24",1165,0,0.000489556135770235,0.0135443864229765,0,0.00326370757180157,0.000815926892950392,0,0,0,0.000326370757180157,0.00538511749347258,0.328981723237598,0.00783289817232376,0.0138707571801567,0,0,0,0,0,0,0,0.000163185378590078,0.0133812010443864,0.000652741514360313,0.00701697127937337,0,0,0.00293733681462141,0.12597911227154,0,0.000652741514360313,0.281494778067885,0.0097911227154047,0.0701697127937337,0.0536879895561358,0,0,0.00766971279373368,0,0.0122389033942559,0,0,0.0385117493472585,0.00114229765013055,0,0,0,0,0,0,0,0
"25",1182,0,0,0,0,0,0.0665919641427885,0,0.0550664318873059,0,0,0,0.00048023051064511,0.0485032815751561,0.0270529854330078,0,0.00112053785817192,0,0,0,0,0,0,0.00048023051064511,0,0,0,0,0.00816391868096686,0.122939010725148,0,0,0.151592764526973,0.000320153673763406,0.462141828077477,0,0,0,0,0,0.0184088362413959,0,0,0,0.0180886825676325,0,0,0,0,0,0,0,0.0190491435889227
"26",1185,0.0535801266439357,0.0107160253287871,0.0313362558856957,0,0.00649456080532554,0.000649456080532554,0.0759863614223088,0,0,0,0.0108783893489203,0.015262217892515,0.0310115278454295,0.0103912972885209,0,0,0.000487092060399416,0,0,0,0,0,0.0493586621204741,0.000487092060399416,0.0870271147913622,0.00113654814093197,0,0.00616983276505926,0.0943334956973535,0,0.00324728040266277,0.361747036856633,0.0504952102614061,0.0136385776911836,0.0133138496509174,0,0.000162364020133139,0.00649456080532554,0.00259782432213022,0.000324728040266277,0.00162364020133138,0,0.00162364020133138,0.00243546030199708,0,0,0,0.0560155869459328,0,0.000974184120798831,0,0
"27",1192,0.00146771037181996,0,0.00750163078930202,0,0.000489236790606654,0.0223418134377038,0,0.00407697325505545,0,0.000815394651011089,0.116764514024788,0.0883887801696021,0.029191128506197,0.00375081539465101,0,0.00407697325505545,0,0,0,0,0,0,0.00244618395303327,0.000163078930202218,0.0432159165035877,0,0,0.000489236790606654,0.102902804957599,0.000163078930202218,0.000978473581213307,0.422863666014351,0.0045662100456621,0,0.0859425962165688,0,0.000163078930202218,0,0,0.0125570776255708,0,0,0.0233202870189172,0.000652315720808871,0,0,0,0,0,0,0,0.0207110241356817
"28",1193,0.0105365537364241,0,0.00421462149456962,0.000162100826714216,0.000972604960285297,0.0863997406386773,0,0.0139406710974226,0,0.00356621818771276,0,0.117198897714378,0.0450640298265521,0.0210731074728481,0,0,0,0,0,0,0,0.00243151240071324,0.102934024963527,0.000486302480142649,0.079429405089966,0.000486302480142649,0,0.00162100826714216,0.0812125141838223,0,0.000162100826714216,0.354514508023991,0.00162100826714216,0.00842924298913924,0.0290160479818447,0,0.00113470578699951,0,0,0.00324201653428433,0,0,0.0171826876317069,0.00340411736099854,0,0,0,0,0,0.000486302480142649,0.000162100826714216,0.00891554546928189
"29",1196,0.00180239226609864,0.000819269211863018,0.00131083073898083,0,0.000163853842372604,0.313943961985909,0,0.0109782074389644,0,0.00213009995084385,0,0.0271997378338522,0.026052760937244,0.0204817302965755,0,0.0468621989185646,0,0,0,0,0,0.000163853842372604,0.000163853842372604,0,0.000163853842372604,0,0,0.000327707684745207,0.148287727347206,0,0.000655415369490415,0.231033917745371,0.000491561527117811,0.140586596755694,0,0,0,0,0,0.00737342290676716,0,0,0.0186793380304768,0.000163853842372604,0,0,0,0,0,0,0,0.000163853842372604
"30",1203,0.0016273393002441,0.00016273393002441,0.00244100895036615,0,0.00032546786004882,0.00992676973148902,0,0.0112286411716843,0,0.0016273393002441,0,0.05793327908869,0.00846216436126932,0.00374288039056143,0,0.000976403580146461,0,0,0,0,0,0.0016273393002441,0.0403580146460537,0,0.0214808787632221,0.00032546786004882,0,0.00374288039056143,0.156550040683482,0.00016273393002441,0,0.463791700569569,0.00716029292107404,0.140764849471115,0.0364524003254679,0,0.00032546786004882,0.00146460537021969,0,0.00146460537021969,0,0,0.013506916192026,0,0,0.00016273393002441,0,0,0,0,0,0.0122050447518308
"31",1210,0.0445013606531135,0,0.00176084520569874,0,0.000160076836881703,0.233392028173523,0,0,0,0.00416199775892428,0,0.0853209540579478,0.0681927325116056,0.00640307347526813,0,0,0,0,0,0,0,0.00160076836881703,0.00336161357451577,0.000640307347526813,0,0,0,0,0.156555146470306,0,0.00464222826956939,0.326556747238675,0.000960461021290219,0,0.00576276612774132,0,0,0,0,0.0168080678725788,0,0,0.0134464542980631,0.0257723707379542,0,0,0,0,0,0,0,0
"32",1214,0.000506329113924051,0.000337552742616034,0.00219409282700422,0,0.000843881856540084,0.0030379746835443,0,0.000168776371308017,0,0.00118143459915612,0.00573839662447257,0.181434599156118,0.00894514767932489,0.00118143459915612,0,0,0.0312236286919831,0,0,0,0,0.0020253164556962,0.00354430379746835,0,0.0121518987341772,0,0,0.00405063291139241,0.206413502109705,0,0,0.184303797468354,0.00641350210970464,0.0570464135021097,0.23831223628692,0,0,0,0,0.00489451476793249,0.0178902953586498,0,0.0226160337552743,0,0,0,0,0,0,0.00354430379746835,0,0
"33",1218,0.010453522032808,0,0.0406883242200064,0,0.00836281762624638,0.165165648118366,0,0,0,0.00353811514956578,0.00369893856545513,0.0490511418462528,0.0749437118044387,0.0151174010935992,0,0,0,0,0,0,0.000804117079446767,0.00289482148600836,0.000160823415889353,0,0,0,0,0,0.161305886137022,0,0.000160823415889353,0.38806690254101,0.00820199421035703,0.00498552589256996,0.0321646831778707,0,0,0,0,0.013669990350595,0,0,0.010453522032808,0.00611128980379543,0,0,0,0,0,0,0,0
"34",1225,0.0351046698872786,0,0.00466988727858293,0,0.00112721417069243,0.303220611916264,0,0.0035426731078905,0,0.00998389694041868,0,0,0.0895330112721417,0.0119162640901771,0,0,0,0,0,0,0,0.000483091787439614,0.000322061191626409,0,0.000161030595813205,0,0,0.00660225442834139,0.138647342995169,0,0,0.300161030595813,0.0434782608695652,0.0164251207729469,0,0,0.000483091787439614,0,0,0.00161030595813205,0,0,0.0104669887278583,0.022061191626409,0,0,0,0,0,0,0,0
"35",1249,0,0.000321802091713596,0.00289621882542237,0.00080450522928399,0.00176991150442478,0.0265486725663717,0,0.00176991150442478,0,0.00370072405470636,0.0416733708769107,0.297023330651649,0.0086886564762671,0.00434432823813355,0,0.00305711987127916,0,0,0,0,0,0.00112630732099759,0.0242960579243765,0.000321802091713596,0.00225261464199517,0,0,0.00176991150442478,0.109090909090909,0,0.00080450522928399,0.223974255832663,0.00595333869670153,0.140949316170555,0.0886564762670957,0,0,0.000321802091713596,0,0.000965406275140788,0,0,0.00611423974255833,0,0,0,0,0,0,0,0,0.00080450522928399
"36",1257,0.00403030791552475,0.000644849266483959,0.00983395131388038,0,0.000806061583104949,0,0,0.000644849266483959,0,0.00032242463324198,0.00145091084958891,0.312913106561341,0.00499758181525068,0,0,0,0,0,0,0,0,0.000644849266483959,0.00419152023214574,0.00467515718200871,0.00257939706593584,0,0,0.00032242463324198,0.105755279703369,0,0.00580364339835563,0.0720619055295825,0.00306303401579881,0.0211188134773497,0.42672900209576,0,0,0.00257939706593584,0,0.00193454779945188,0.00902788973077543,0,0.00386909559890376,0,0,0,0,0,0,0,0,0
"37",1261,0.0229143133774407,0.000968210424398903,0.00161368404066484,0,0.00242052606099726,0.00355010488946264,0,0,0,0.000161368404066484,0.0122639987090528,0.109085041148943,0.0169436824269808,0.000806842020332419,0,0,0,0,0,0,0.000161368404066484,0.00387284169759561,0.0121026303049863,0.0111344198805874,0.0143617879619171,0.000161368404066484,0,0.00613199935452638,0.137001775052445,0,0.0108116830724544,0.467484266580603,0.0158141035985154,0.0059706309504599,0.049701468452477,0,0.00290463127319671,0.000645473616265935,0,0.000645473616265935,0.0837502017105051,0,0.00225915765693077,0.000322736808132968,0,0,0,0,0,0,0.00403421010166209,0
"38",1267,0.00671800753727675,0.000163853842372604,0.01572996886777,0,0.000819269211863018,0.000491561527117811,0,0.000327707684745207,0,0.000327707684745207,0.00114697689660823,0.442896935933148,0.00311322300507947,0.000491561527117811,0,0,0,0,0,0,0,0.00245780763558905,0.00245780763558905,0.00196624610847124,0.00114697689660823,0.000819269211863018,0,0.00180239226609864,0.148943142716697,0,0.000327707684745207,0.128952973947239,0.0091758151728658,0.073570375225299,0.053744060298214,0,0,0,0,0,0.101425528428642,0,0.000655415369490415,0,0,0.000327707684745207,0,0,0,0,0,0
"39",1281,0.0842004161997759,0,0.0481831279013927,0,0.00304145990075236,0.074435729149992,0,0.0168080678725788,0,0.0126460701136546,0,0.207299503761806,0.0169681447094605,0.00800384184408516,0,0,0,0,0,0,0,0.00048023051064511,0.00896430286537538,0.000640307347526813,0.00176084520569874,0,0,0.00208099887946214,0.0842004161997759,0,0.000960461021290219,0.258684168400832,0.00192092204258044,0.000320153673763406,0.153513686569553,0,0.000960461021290219,0,0,0.000800384184408516,0,0,0.00896430286537538,0.00048023051064511,0,0,0,0,0,0,0,0.00368176724827917
"40",1284,0.00688330398591324,0.00128061469505363,0.0116856090923643,0,0.00224107571634384,0.0241716023691372,0,0.00448215143268769,0,0.00448215143268769,0,0.438450456218985,0.00192092204258044,0.00256122939010725,0,0,0,0,0,0,0,0.00048023051064511,0,0.0216103729790299,0.00304145990075236,0.000160076836881703,0,0.00160076836881703,0.193372818953097,0.000320153673763406,0.0364975188090283,0.148871458299984,0.00320153673763406,0,0.0622698895469826,0,0,0,0,0,0,0,0.0289739074755883,0,0,0.00144069153193533,0,0,0,0,0,0
"41",1299,0,0,0.00291639662994167,0,0.000972132209980557,0.23201555411536,0,0.000972132209980557,0,0.00858716785482826,0,0,0.0139338950097213,0.00988334413480233,0,0,0,0,0,0,0,0.000324044069993519,0.0434219053791316,0,0.00275437459494491,0.000324044069993519,0,0.0016202203499676,0.274951393389501,0,0,0.317239144523655,0.0016202203499676,0.0356448476992871,0,0,0.000486066104990279,0.000972132209980557,0,0.0106934543097861,0,0,0.0136098509397278,0.0234931950745301,0,0,0,0,0.00307841866493843,0,0,0.000486066104990279
"42",1313,0,0.00225588140509185,0.00531743474057364,0,0.00193361263293587,0.000966806316467934,0,0,0,0,0.000322268772155978,0.345794392523364,0.00322268772155978,0.000966806316467934,0,0,0,0,0,0,0,0.00547856912665163,0.014663229133097,0.000966806316467934,0.0352884305510796,0.000483403158233967,0,0.00386722526587174,0.144054141153722,0.000161134386077989,0.00112794070254592,0.326780534966162,0.0088623912342894,0.0241701579116984,0.014179825974863,0,0.000483403158233967,0.0120850789558492,0,0.0201417982597486,0.0109571382533033,0,0.00628424105704157,0.000161134386077989,0,0,0,0,0,0.00902352562036739,0,0
"43",1316,0,0.000165755014089176,0.00364661030996188,0,0.00165755014089176,0.0069617105917454,0,0.00314934526769435,0,0.00182330515498094,0,0.492623901873032,0.0034808552958727,0.00298359025360517,0,0,0,0,0,0,0,0,0.00232057019724847,0,0.0170727664511851,0,0,0.00232057019724847,0.209845847836897,0,0.00132604011271341,0.131609481186806,0.00132604011271341,0.0896734626222443,0.0114370959721532,0,0,0,0,0.000994530084535057,0,0,0.0155809713243826,0,0,0,0,0,0,0,0,0
"44",1317,0.00407166123778502,0.00276872964169381,0.00716612377850163,0,0.00325732899022801,0.00570032573289902,0,0,0,0.000325732899022801,0.0193811074918567,0.297557003257329,0.00456026058631922,0.000651465798045603,0,0,0,0.00716612377850163,0,0,0.00325732899022801,0.00228013029315961,0.0213355048859935,0.00276872964169381,0.00749185667752443,0,0,0.00260586319218241,0.140390879478827,0,0.000488599348534202,0.261400651465798,0.0361563517915309,0.000977198697068404,0.148371335504886,0,0.000325732899022801,0.00814332247557003,0,0.00423452768729642,0.0011400651465798,0,0.00586319218241042,0.000162866449511401,0,0,0,0,0,0,0,0
"45",1331,0,0.00514634930845931,0.00578964297201673,0,0.00176905757478289,0.00112576391122547,0,0,0,0.000160823415889353,0.00160823415889353,0.237857832100354,0.0024123512383403,0.00112576391122547,0,0,0,0,0,0,0,0.000964940495336121,0.00402058539723384,0,0.00192988099067224,0,0,0.00225152782245095,0.0926342875522676,0.000321646831778707,0.000643293663557414,0.123029913155355,0.0184946928272757,0.0435831457060148,0.201190093277581,0,0,0,0,0.0020907044065616,0.249919588292055,0,0.00192988099067224,0,0,0,0,0,0,0,0,0
"46",1346,0.00720922781159885,0.0068888176866389,0.0648830503043896,0,0.00208266581223967,0.000160205062479974,0,0,0,0,0.00448574174943928,0.208907401473887,0.00336430631207946,0,0,0,0,0,0,0,0,0.000160205062479974,0.00128164049983979,0,0.000320410124959949,0,0,0.000801025312399872,0.0817045818647869,0,0,0.106856776674143,0.0176225568727972,0.0157000961230375,0.266581223966677,0,0,0.00240307593719962,0.000160205062479974,0.00176225568727972,0.198333867350208,0,0.00817045818647869,0,0,0,0,0,0,0.000160205062479974,0,0
"47",1347,0,0.0103342483449055,0.0167931535604715,0,0.00161472630389149,0.0177619893428064,0,0,0,0,0.00242208945583724,0.0834813499111901,0.0179234619731955,0.00339092523817213,0,0,0,0.00193767156466979,0,0,0,0,0.0238979492975941,0,0.0082351041498466,0,0,0.00209914419505894,0.0870337477797513,0,0,0.276118197965445,0.0363313418375585,0.0458582270305183,0.0870337477797513,0.000161472630389149,0.000161472630389149,0.00500565154206362,0,0.00758921362829001,0.261101243339254,0,0.00339092523817213,0.000322945260778298,0,0,0,0,0,0,0,0
"48",1370,0.00368353619474696,0,0.00144138372837924,0,0.000160153747597694,0.00176169122357463,0,0,0,0.000960922485586163,0.00480461242793081,0.195547725816784,0.00368353619474696,0.000960922485586163,0,0,0.0187379884689302,0,0,0,0.00288276745675849,0.000160153747597694,0.0025624599615631,0.000480461242793081,0,0,0,0.000320307495195388,0.105221012171685,0.000480461242793081,0,0.0498078155028828,0.00368353619474696,0.00192184497117233,0.0526905829596413,0,0,0,0,0.00448430493273543,0.535874439461883,0,0.00752722613709161,0,0,0,0,0,0,0,0.000160153747597694,0
"49",1372,0.00226830848995463,0.00615683732987686,0.0264095917044718,0,0.0123136746597537,0.00631885936487362,0,0.00210628645495787,0,0,0.0405055087491899,0.346241088788075,0.0155541153596889,0.00453661697990927,0,0,0,0,0,0,0,0.000486066104990279,0.0332145171743357,0,0.0627025275437459,0,0,0.00340246273493195,0.117952041477641,0.00178224238496436,0,0.236714193130266,0.0277057679844459,0.0273817239144524,0.00583279325988334,0,0,0,0.00388852883992223,0.000810110174983798,0.012151652624757,0,0.00307841866493843,0,0,0,0,0,0,0,0.000486066104990279,0
"50",1416,0.0438227684346701,0,0.0360608020698577,0.000485122897800776,0.00145536869340233,0.203913324708926,0,0.00565976714100906,0,0.000970245795601552,0.000161707632600259,0,0.0232858990944373,0.00954075032341527,0,0.00323415265200517,0,0,0,0,0,0.0124514877102199,0.00646830530401035,0.00598318240620957,0.000970245795601552,0,0,0.000323415265200517,0.227684346701164,0,0.00177878395860285,0.324062095730918,0.00113195342820181,0.0473803363518758,0.0297542043984476,0,0,0,0,0.00242561448900388,0,0,0.0109961190168176,0,0,0,0,0,0,0,0,0
"51",1455,0,0,0.00500403551251009,0,0,0.149475383373688,0,0.0124293785310734,0,0.00403551251008878,0,0.0243744955609362,0.0874899112187248,0.00581113801452784,0,0.00613397901533495,0,0,0,0,0,0.00290556900726392,0.0986279257465698,0.000807102502017756,0.00290556900726392,0,0,0.00145278450363196,0.19499596448749,0,0.000484261501210654,0.241323648103309,0,0.157062146892655,0.000484261501210654,0,0,0,0,0,0,0,0.00419693301049233,0,0,0,0,0,0,0,0,0
"52",1456,0.0373816781646077,0.00112305470880796,0.0118722926359698,0,0.00336916412642387,0.034333386812129,0,0.0129953473447778,0,0.00336916412642387,0,0.304187389699984,0.0997914326969357,0.014760147601476,0,0,0,0,0,0,0,0.000481309160917696,0.012193165409915,0.00208567303064335,0.000802181934862827,0,0,0.00256698219156105,0.111824161719878,0,0.00240654580458848,0.289748114872453,0.00561527354403979,0.000160436386972565,0.0243863308198299,0,0,0,0,0.0162040750842291,0,0,0.00770094657468314,0,0,0.000481309160917696,0,0,0,0,0,0.000160436386972565
"53",1461,0.00129470788153423,0.00145654636672601,0.0098721475966985,0,0.00647353940767114,0.00258941576306846,0,0,0,0.000323676970383557,0.00517883152613692,0.0788153422883962,0.0158601715487943,0.000161838485191779,0,0,0.00339860818902735,0.0296164427900955,0,0,0.000323676970383557,0.000323676970383557,0.0174785564007121,0.00469331607056158,0.00598802395209581,0.000323676970383557,0,0.00388412364460269,0.240491988994983,0,0.00744457031882182,0.253600906295517,0.0067972163780547,0.0527593461725198,0.016831202459945,0,0,0.000971030911150672,0.000647353940767114,0.00501699304094514,0.0121378863893834,0,0.0045314775853698,0.0150509791228354,0,0,0,0.19469169768571,0,0.000971030911150672,0,0
"54",1463,0.00163612565445026,0.00212696335078534,0.000163612565445026,0,0.00130890052356021,0.00245418848167539,0,0,0,0.000163612565445026,0.0075261780104712,0.119764397905759,0.0351767015706806,0.00147251308900524,0,0,0,0,0,0,0,0,0.0183246073298429,0.000818062827225131,0.0197971204188482,0,0,0.00883507853403141,0.0638089005235602,0,0,0.141197643979058,0.00327225130890052,0.025196335078534,0.0665903141361257,0,0.000654450261780105,0,0,0.00916230366492147,0.459424083769634,0,0.00850785340314136,0,0,0,0,0,0,0,0.00261780104712042,0
"55",1466,0,0.00912876361306855,0.0076873798846893,0,0.000960922485586163,0.00240230621396541,0,0,0,0.000320307495195388,0.000640614990390775,0.46668802049968,0.000960922485586163,0.00272261370916079,0,0,0,0,0,0,0,0,0.00752722613709161,0,0.000480461242793081,0,0,0.000800768737988469,0.0879244074311339,0,0,0.0936899423446509,0.00400384368994234,0.096252402306214,0.18193465727098,0,0,0.00160153747597694,0.000160153747597694,0.00400384368994234,0,0,0.00624599615631006,0.0238629083920564,0,0,0,0,0,0,0,0
"56",1469,0.0797182647670882,0.00800384184408516,0.0270529854330078,0,0.00944453337602049,0.0878821834480551,0,0.000160076836881703,0,0.000160076836881703,0.00176084520569874,0.00128061469505363,0,0.00464222826956939,0,0,0,0,0,0,0,0.0192092204258044,0,0.00656315031214983,0,0,0,0,0.396030094445334,0,0.0126460701136546,0.105810789178806,0.140867616455899,0.0739554986393469,0.00192092204258044,0,0,0,0,0.00608291980150472,0,0,0.000800384184408516,0.00208099887946214,0,0,0,0,0,0,0,0.0139266848087082
"57",1473,0.00325414904002603,0.00162707452001302,0.0208265538561666,0,0.00520663846404165,0.0265213146762122,0,0,0,0.00406768630003254,0.00097624471200781,0.0095997396680768,0.00455580865603645,0.0122030589000976,0,0,0,0,0,0,0.000162707452001302,0,0.11503416856492,0,0.0854214123006834,0.000325414904002603,0,0.0146436706801171,0.0914415880247315,0.000325414904002603,0,0.517084282460137,0.02749755938822,0.0100878620240807,0.00260331923202083,0,0.00097624471200781,0.000650829808005207,0,0.0112268141880898,0,0,0.00683371298405467,0,0,0,0,0,0,0,0.00276602668402213,0.0240807028961926
"58",1475,0.00561167227833894,0.00240500240500241,0.0041686708353375,0,0.00400833734167068,0.000962000962000962,0,0,0,0.000160333493666827,0.00849767516434183,0.176046176046176,0.00561167227833894,0.00128266794933462,0,0,0,0,0,0,0.0125060125060125,0.000160333493666827,0.00256533589866923,0,0.00945967612634279,0,0,0.000801667468334135,0.108225108225108,0,0,0.122494789161456,0.0102613435946769,0.00545133878467212,0.183902517235851,0,0,0,0,0.00320666987333654,0.330767997434664,0,0.00144300144300144,0,0,0,0,0,0,0,0,0
"59",1500,0.00162522346822688,0.00585080448561677,0.00763855030066634,0,0.00601332683243946,0.000975134080936129,0,0,0,0,0.00796359499431172,0.204778156996587,0.00698846091337559,0.00113765642775882,0,0,0.0118641313180562,0,0,0,0.0013001787745815,0,0.0294165447749065,0.000487567040468064,0.0185275475377864,0,0,0.00471314805785796,0.162197302129043,0,0,0.326994961807249,0.0274662766130343,0.00828863968795709,0.0851617097350886,0,0.000162522346822688,0.00195026816187226,0.00146270112140419,0.00113765642775882,0.0684219080123517,0,0.00341296928327645,0,0,0,0,0,0,0.0040630586705672,0,0
"60",1509,0.0003269042170644,0.0026152337365152,0.006538084341288,0,0.0009807126511932,0.0125858123569794,0,0.0013076168682576,0,0.0014710689767898,0,0.037593984962406,0.0143837855508336,0.0014710689767898,0,0.0009807126511932,0,0,0,0,0,0.0006538084341288,0.0173259235044132,0.0006538084341288,0.014710689767898,0,0,0.0009807126511932,0.0668519123896698,0,0.0004903563255966,0.156096763648251,0.0088264138607388,0.05720823798627,0.0867930696305982,0,0,0,0,0.0050670153644982,0.49852893102321,0,0.000817260542661,0,0,0.0001634521085322,0,0,0,0,0,0.0045766590389016
"61",1515,0.000328623069339468,0.000164311534669734,0.00443641143608281,0,0,0.0138021689122576,0,0.00640814985211962,0,0.00131449227735787,0,0.448570489648373,0.000985869208018403,0.000328623069339468,0,0,0,0,0,0,0,0.000328623069339468,0.00312191915872494,0,0.000164311534669734,0,0,0,0.0704896483733158,0,0,0.0764048636214262,0.000985869208018403,0.298718370029576,0.0338481761419652,0,0,0,0,0.00230036148537627,0.0190601380216891,0,0.0128162997042392,0.00542228064410122,0,0,0,0,0,0,0,0
"62",1529,0,0.0126560332871012,0.0026005547850208,0.000173370319001387,0.00346740638002774,0.00156033287101248,0,0,0,0.000520110957004161,0.0121359223300971,0.107662968099861,0.0150832177531207,0.00104022191400832,0,0,0,0.0117891816920943,0,0,0,0.00121359223300971,0.079750346740638,0.00121359223300971,0.0135228848821082,0.000866851595006935,0,0.00901525658807212,0.135748959778086,0,0,0.377773925104022,0.0124826629680999,0.0358876560332871,0.07749653259362,0,0.000693481276005548,0.0131761442441054,0.00450762829403606,0.00225381414701803,0.0520110957004161,0,0.00416088765603329,0,0,0,0,0.00450762829403606,0.00468099861303745,0,0,0.000346740638002774
"63",1534,0.0581544376802307,0.000160205062479974,0.00320410124959949,0,0.000961230374879846,0.0398910605575136,0,0.0382890099327139,0,0.00352451137455944,0,0.0597564883050304,0.0544697212431913,0.00672861262415892,0,0,0,0,0,0,0,0.00128164049983979,0.0113745594360782,0,0.0068888176866389,0,0,0.00288369112463954,0.136334508170458,0,0,0.490227491188722,0.00368471643703941,0.0174623518103172,0.0480615187439923,0,0.00416533162447933,0,0,0.00961230374879846,0,0,0.00272348606215956,0,0,0,0,0,0,0,0.000160205062479974,0
"64",1536,0,0,0,0,0.000160076836881703,0.0605090443412838,0,0,0,0,0,0.00160076836881703,0.00352169041139747,0.00576276612774132,0,0,0,0,0,0,0,0.000160076836881703,0,0,0,0,0,0,0.0966864094765487,0,0,0.157515607491596,0,0,0.579638226348647,0,0,0,0,0,0,0,0.000320153673763406,0.0941251800864415,0,0,0,0,0,0,0,0
"65",1553,0.00576276612774132,0.00224107571634384,0.00656315031214983,0.000160076836881703,0.00624299663838643,0.0481831279013927,0.00464222826956939,0,0,0.00128061469505363,0.018889066752041,0.149031535136866,0.00624299663838643,0.00768368817032175,0,0,0,0,0,0,0,0.0340963662558028,0.00192092204258044,0,0.0110453017448375,0,0,0.00368176724827917,0.0265727549223627,0,0,0.409316471906515,0.0132863774611814,0.0150472226668801,0.173523291179766,0,0,0,0.00048023051064511,0.0115255322554826,0.0214502961421482,0,0.00416199775892428,0.0169681447094605,0,0,0,0,0,0,0,0
"66",1554,0,0,0,0,0,0.434448535296943,0,0.0302545221706419,0,0,0,0.101648791419882,0,0.0104049943973107,0,0,0,0,0,0,0,0.0134464542980631,0,0,0,0,0,0.000320153673763406,0.222506803265567,0,0,0.186009284456539,0.000960461021290219,0,0,0,0,0,0,0,0,0,0,0,0,0,0,0,0,0,0,0
"67",1557,0.00112053785817192,0.00112053785817192,0.010244917560429,0.000160076836881703,0.00912437970225708,0.0297742916599968,0,0,0,0.000160076836881703,0.0100848407235473,0.492076196574356,0.000640307347526813,0.00624299663838643,0,0,0,0,0,0,0,0.00144069153193533,0,0,0,0,0,0,0.0195293740995678,0,0,0.0238514486953738,0.00224107571634384,0.00864414919161197,0.350728349607812,0.00816391868096686,0,0,0,0.00416199775892428,0,0,0.020489835120858,0,0,0,0,0,0,0,0,0
"68",1578,0.0011522633744856,0.00345679012345679,0.0434567901234568,0,0.0054320987654321,0.0831275720164609,0,0,0,0.0011522633744856,0,0.0111934156378601,0.0531687242798354,0.0011522633744856,0,0,0,0,0,0,0,0,0.169053497942387,0.00312757201646091,0.0138271604938272,0,0,0.00065843621399177,0.142716049382716,0,0.00378600823045267,0.303539094650206,0.0148148148148148,0.00164609053497942,0.0230452674897119,0,0.000329218106995885,0,0,0.0302880658436214,0.000493827160493827,0,0.00065843621399177,0.000329218106995885,0,0,0,0,0,0,0,0.0883950617283951
"69",1626,0,0.00208533846647417,0.013153673403914,0,0.00256657042027591,0.00914340712223292,0,0,0,0.000641642605068977,0.0166827077317934,0.443214629451396,0.0261469361565608,0.00256657042027591,0,0,0,0,0,0,0,0,0.000641642605068977,0,0.0433108758421559,0,0,0.000481231953801732,0.0981713185755534,0,0,0.254892524863651,0.0083413538658967,0.0547000320821303,0.0166827077317934,0,0,0,0,0,0,0,0.00657683670195701,0,0,0,0,0,0,0,0,0
"70",1639,0.0127357730130582,0,0.00725455424794454,0.00209576011607287,0.00241818474931485,0.11720135418346,0,0.016121231662099,0,0.00177333548283089,0,0,0.031436401741093,0.016121231662099,0,0.00354667096566178,0,0,0,0,0,0.00048363694986297,0.0702885700467516,0,0.0128969853296792,0,0,0.00032242463324198,0.0875382879251975,0,0,0.532323069482509,0.000806061583104949,0.0662582621312268,0.0170885055618249,0,0,0,0,0,0,0,0.00032242463324198,0,0,0,0,0,0,0,0,0.000967273899725939
"71",1644,0,0.00096416519363651,0.00578499116181906,0,0.00369596657560662,0.000803470994697091,0,0,0,0,0.00208902458621244,0.139482564679415,0.00096416519363651,0.000321388397878837,0,0,0,0,0,0,0,0,0,0,0,0,0,0,0.0379238309497027,0,0,0.0133376185119717,0.00739193315121324,0.0435481279125824,0.257592800899888,0.0134983127109111,0,0,0,0.00321388397878837,0.463281375542343,0,0.0061063795596979,0,0,0,0,0,0,0,0,0
"72",1695,0.00246264981119685,0.00131341323263832,0.00410441635199475,0,0.00131341323263832,0.00229847315711706,0,0,0,0.000656706616319159,0.0109998358233459,0.224265309472993,0.0206862584140535,0.00049252996223937,0,0,0,0,0,0,0.00016417665407979,0.00049252996223937,0.0096864225907076,0.0136266622886226,0.0228205549170908,0,0,0.0049252996223937,0.0786406173042193,0,0.00262682646527664,0.189459858808078,0.00131341323263832,0.0272533245772451,0.0507305861106551,0,0.00016417665407979,0.00131341323263832,0,0.013298308980463,0.307338696437367,0,0.00558200623871285,0,0,0,0,0,0,0.00131341323263832,0,0.000656706616319159
"73",1744,0,0,0.0149788342559427,0,0,0.052263106479974,0,0.00113969391077825,0,0.00260501465320742,0.00423314881146206,0.350048844024748,0.0123738196027353,0.0138391403451644,0,0.000976880494952784,0,0,0,0,0,0.000162813415825464,0.00569846955389124,0.00700097688049495,0.000976880494952784,0,0,0.000488440247476392,0.250732660371215,0,0.0017909475740801,0.181862585477043,0.00423314881146206,0.0494952784109411,0.00211657440573103,0.0017909475740801,0,0,0,0.00309345490068382,0,0,0.0380983393031586,0,0,0,0,0,0,0,0,0
"74",1778,0.0509044341283816,0,0.00208099887946214,0,0.00320153673763406,0.110773171122139,0,0,0,0.000800384184408516,0,0,0.152713302385145,0,0,0,0,0,0,0,0,0.00720345765967664,0.000160076836881703,0,0,0,0,0.00144069153193533,0.0731551144549384,0,0,0.0835601088522491,0.00048023051064511,0.495597886985753,0.000320153673763406,0,0,0,0,0.00560268929085961,0,0,0,0.0120057627661277,0,0,0,0,0,0,0,0
"75",1797,0,0,0.0049623819433328,0,0.000160076836881703,0.00224107571634384,0,0,0,0,0,0.123739394909557,0,0,0,0,0,0,0,0,0,0,0,0.00160076836881703,0,0,0,0,0.00880422602849368,0,0.00208099887946214,0.00160076836881703,0.000320153673763406,0.0273731391067712,0.444853529694253,0.0680326556747239,0,0,0,0.000800384184408516,0.301584760685129,0,0.00640307347526813,0.000320153673763406,0,0.00144069153193533,0,0,0,0,0,0.00368176724827917
"76",1808,0.0182868142444658,0.00208533846647417,0.00657683670195701,0,0.0083413538658967,0.102502406159769,0,0.00769971126082772,0,0.00176451716393969,0.0240615976900866,0.147096567212063,0.0316008982996471,0.00769971126082772,0,0.000160410651267244,0,0,0,0,0.000962463907603465,0.00673724735322425,0.0498877125441129,0.000160410651267244,0.00288739172281039,0,0,0.00256657042027591,0.195059351940969,0,0.00224574911774142,0.322104587744626,0.0102662816811036,0.000641642605068977,0.0247032402951556,0,0.000160410651267244,0,0,0.00898299647096567,0,0,0.0136349053577158,0.00112287455887071,0,0,0,0,0,0,0,0
"77",1833,0,0,0.00128390306531857,0,0,0.175573744182314,0,0,0,0,0,0.0104317124057134,0.000160487883164821,0.0178141550312951,0,0,0,0,0,0,0,0.000160487883164821,0.000160487883164821,0,0,0,0,0,0.0741454020221473,0,0,0.0431712405713369,0.000160487883164821,0.0377146525437329,0.511153907879955,0.0972556571978816,0,0,0,0.000320975766329642,0.0113946397047023,0,0.0184561065639544,0.000641951532659284,0,0,0,0,0,0,0,0
"78",1842,0,0.00576461168935148,0.0236989591673339,0,0.00640512409927942,0.0196957566052842,0,0.000160128102481986,0,0.000960768614891914,0.00768614891913531,0.309207365892714,0.00576461168935148,0.0140912730184147,0,0,0,0,0,0,0,0.0044835868694956,0.00128102481985588,0,0,0,0,0.00320256204963971,0.122337870296237,0,0,0.148598879103283,0.0164931945556445,0.0645316253002402,0.02257806244996,0,0,0,0,0.00736589271417134,0.195516413130504,0,0.0198558847077662,0.000320256204963971,0,0,0,0,0,0,0,0
"79",1862,0.00240230621396541,0.00144138372837924,0.0128122998078155,0.000320307495195388,0.00432415118513773,0.249519538757207,0,0,0,0,0.110826393337604,0.0791159513132607,0.00640614990390775,0.00336322869955157,0,0.0025624599615631,0,0,0,0,0,0.00368353619474696,0.00816784112748238,0,0.0076873798846893,0,0,0.00608584240871236,0.122677770659833,0.000320307495195388,0.000160153747597694,0.329436258808456,0.00992953235105701,0.0051249199231262,0.0204996796925048,0.00112107623318386,0,0,0,0.00832799487508008,0,0,0.00128122998078155,0.000160153747597694,0,0,0,0,0.00208199871877002,0,0,0.000160153747597694
"80",1866,0.0110515195839428,0.00666341621973021,0.01511457825451,0,0.00390053632374451,0.0105639525434747,0,0,0,0.000162522346822688,0.00227531285551763,0.0498943604745653,0.0112140419307655,0.000325044693645376,0,0,0,0,0,0,0.00113765642775882,0.0013001787745815,0.045831301803998,0.000650089387290752,0.0178774581504957,0,0,0.0040630586705672,0.148545424995937,0,0,0.278400780107265,0.0126767430521697,0.0341296928327645,0.111327807573541,0.000812611734113441,0.000812611734113441,0.0134893547862831,0.00357549163009914,0.00536323744514871,0.195514383227694,0,0.00373801397692183,0.0095888184625386,0,0,0,0,0,0,0,0
"81",1875,0.0166306336271412,0,0.0382504573424247,0,0.00332612672542824,0.152336604024613,0,0.04240811574921,0,0.00166306336271412,0,0,0.0725095626143356,0.00532180276068518,0,0,0,0,0,0,0.000997838017628472,0.00083153168135706,0.0119740562115417,0.00182936969898553,0.0219524363878264,0,0,0.002827207716614,0.0329286545817396,0,0.00598702810577083,0.556793613836687,0,0.0118077498752702,0.00332612672542824,0,0.00182936969898553,0,0,0.00266090138034259,0,0,0.00315982038915683,0.000665225345085648,0,0,0,0,0,0,0,0.00798270414102777
"82",1877,0.022738190552442,0,0.0855084067253803,0,0.011208967173739,0.00304243394715773,0,0.000160128102481986,0,0.000800640512409928,0.0261008807045637,0.0307445956765412,0.00240192153722978,0.000160128102481986,0,0,0,0,0,0,0.000800640512409928,0.000480384307445957,0.0161729383506805,0.00512409927942354,0.0246597277822258,0,0,0.0022417934347478,0.0685348278622898,0.000800640512409928,0.0610088070456365,0.57662129703763,0.0131305044035228,0.00288230584467574,0.0419535628502802,0,0,0,0,0,0,0,0,0,0,0,0,0,0,0.00272217774219375,0,0
"83",1903,0.000323153982872839,0.00145419292292777,0.0541282921312005,0,0.00242365487154629,0.193407658749394,0,0,0,0.00306996283729197,0,0.0877363063499758,0.00113103894005494,0.00694781063176604,0,0,0,0,0,0,0,0.00630150266602036,0.000969461948618517,0,0,0,0,0.000484730974309258,0.136694134755211,0,0,0.070124414283406,0.00306996283729197,0.136694134755211,0.270803037647439,0,0,0,0,0.00807884957182097,0,0,0.00323153982872839,0.0101793504604944,0,0,0,0,0,0,0,0.00274680885441913
"84",1917,0,0.00048023051064511,0.00464222826956939,0,0.000800384184408516,0.0201696814470946,0,0,0,0,0.00208099887946214,0.450616295821995,0.00192092204258044,0.00112053785817192,0,0,0,0,0,0,0,0.000160076836881703,0.00128061469505363,0,0,0,0,0.00192092204258044,0.258844245237714,0,0,0.127581238994717,0.00752361133344005,0.0729950376180567,0.00352169041139747,0.000160076836881703,0,0.000320153673763406,0,0.00176084520569874,0.0051224587802145,0,0.0369777493196734,0,0,0,0,0,0,0,0,0
"85",1920,0.00864414919161197,0.0517048183127901,0,0,0.00272130622698895,0.176084520569874,0,0.0246518328797823,0,0,0,0,0.0680326556747239,0,0,0,0,0,0,0,0,0.000160076836881703,0.000320153673763406,0,0.000160076836881703,0,0,0,0.306547142628462,0,0.000800384184408516,0.208740195293741,0,0,0.0609892748519289,0,0,0,0,0,0,0,0.0885224907955819,0.00192092204258044,0,0,0,0,0,0,0,0
"86",1976,0.00417670682730924,0,0.00208835341365462,0,0,0.428915662650602,0,0,0,0,0,0,0.00144578313253012,0.00192771084337349,0,0,0,0,0,0,0,0.00369477911646586,0,0,0,0,0,0,0.360481927710843,0,0,0.074859437751004,0.00562248995983936,0,0.0738955823293173,0.000642570281124498,0,0,0,0,0,0,0.0268273092369478,0.015421686746988,0,0,0,0,0,0,0,0
"87",1977,0.0068988173455979,0.000328515111695138,0.0123193166885677,0,0.00229960578186597,0.0021353482260184,0.000164257555847569,0,0,0.000164257555847569,0.00229960578186597,0.301412614980289,0.00525624178712221,0.000328515111695138,0,0,0.0142904073587385,0.0269382391590013,0,0,0,0,0.00542049934296978,0.000164257555847569,0.00312089356110381,0.000164257555847569,0,0.00229960578186597,0.129270696452037,0,0.000164257555847569,0.104960578186597,0.0068988173455979,0.0305519053876478,0.251971090670171,0,0,0.00657030223390276,0,0.00377792378449409,0.051084099868594,0,0.00640604467805519,0,0,0,0,0.0216819973718791,0,0.000657030223390276,0,0
"88",1985,0.00656315031214983,0,0.0113654554186009,0,0.000320153673763406,0.0851608772210661,0,0,0,0.00128061469505363,0,0.0429005922842965,0.00576276612774132,0.00688330398591324,0,0.00256122939010725,0,0,0,0,0,0.00352169041139747,0.00336161357451577,0,0,0,0,0.00128061469505363,0.300464222826957,0,0.000320153673763406,0.083079878341604,0.00160076836881703,0.0374579798303186,0.393148711381463,0,0,0,0,0.00288138306387066,0,0,0.00896430286537538,0.000640307347526813,0,0.000320153673763406,0,0,0,0,0,0.000160076836881703
"89",1989,0.000320153673763406,0,0.03665759564591,0,0.00576276612774132,0.116696014086762,0,0,0,0,0,0,0,0.00288138306387066,0,0,0,0,0,0,0,0.0348967504402113,0.000320153673763406,0.00176084520569874,0,0,0,0,0.303505682727709,0,0.0302545221706419,0.392988634544581,0.00352169041139747,0.0128061469505363,0.0212902193052665,0.00304145990075236,0,0,0,0.0217704498159116,0,0,0.00352169041139747,0.00784376500720346,0,0.000160076836881703,0,0,0,0,0,0
"90",1990,0.00209609803289262,0.036439858110287,0.0743308610125766,0,0.0532086423734279,0.0761044824250242,0,0.0237020316027088,0,0.0037084811351177,0,0.000161238310222509,0.0519187358916479,0.00241857465333763,0,0,0,0,0,0.000322476620445018,0,0.0419219606578523,0.0478877781360851,0.00112866817155756,0.000806191551112544,0,0.00338600451467269,0.018703643985811,0.100773943889068,0,0.000161238310222509,0.283134472750726,0.0148339245404708,0.00741696227023541,0.00225733634311512,0.00112866817155756,0.000161238310222509,0,0,0.00112866817155756,0,0,0.000483714930667527,0.00225733634311512,0,0,0,0,0.00596581747823283,0,0,0.14205095130603
"91",2019,0.0255438365194463,0.00955833882663151,0.0876730388925511,0,0.0123599208965063,0.00148319050758075,0,0,0,0.00016479894528675,0.0108767303889255,0.0339485827290705,0.0042847725774555,0.00214238628872775,0,0,0,0.00148319050758075,0,0,0,0.000988793671720501,0.00675675675675676,0.00214238628872775,0.00972313777191826,0,0,0.00379037574159525,0.239782465392221,0,0.0128543177323665,0.318721160184575,0.0341133816743573,0.00988793671720501,0.00510876730388926,0,0,0.00016479894528675,0,0.00181278839815425,0.101516150296638,0,0.0036255767963085,0,0,0,0,0.0573500329597891,0.001977587343441,0.00016479894528675,0,0
"92",2023,0.00352394682043889,0.00144161460836136,0.047573282075925,0,0.000320358801858081,0.0815313150728816,0,0,0,0,0,0.0211436809226333,0,0.113727374659619,0,0,0,0,0,0,0,0.00448502322601313,0.0131347108761813,0.000480538202787122,0,0,0,0.00144161460836136,0.130866570559026,0,0.000160179400929041,0.251321480057665,0.00208233221207753,0.00544609963158738,0.212558065032837,0,0,0,0,0.0232260131347109,0,0.000160179400929041,0.00720807304180682,0.0781675476533718,0,0,0,0,0,0,0,0
"93",2036,0.0011530225662988,0.000823587547356284,0.00510624279360896,0,0.000823587547356284,0.00247076264206885,0.00444737275572393,0,0,0.000823587547356284,0.0116949431724592,0.0466150551803657,0.0309668917805963,0,0,0,0,0,0,0,0,0.00131774007577005,0.0296491517048262,0,0.0270136715532861,0.00049415252841377,0,0.00477680777466645,0.184318893098336,0.000329435018942514,0,0.447208038214462,0.0184483610607808,0.048756382803492,0.100807115796409,0,0,0.000164717509471257,0.00049415252841377,0.00592983034096524,0.0191072310986658,0,0.00461209026519519,0.000329435018942514,0,0.000164717509471257,0,0,0.000823587547356284,0,0.000329435018942514,0
"94",2063,0.00544609963158738,0.00144161460836136,0.0264296011532917,0,0.00144161460836136,0.000480538202787122,0,0,0,0,0.00112125580650328,0.300656735543809,0.00640717603716162,0.000480538202787122,0,0,0,0.00913022585295531,0,0,0.00416466442415505,0.00192215281114849,0.00272304981579369,0.00848950824923915,0.000160179400929041,0.000320358801858081,0,0.00144161460836136,0.0523786641037963,0,0.00176197341021945,0.0716001922152811,0.0126541726733942,0.0464520262694217,0.320038443056223,0,0,0,0,0.00176197341021945,0.11516898926798,0,0.00192215281114849,0.000480538202787122,0,0,0,0.00320358801858081,0.000320358801858081,0,0,0
"95",2066,0.00864830237027546,0,0.0265855221012172,0,0.00368353619474696,0.0051249199231262,0,0,0,0.000480461242793081,0.00416399743754004,0.259128763613069,0.00112107623318386,0,0,0,0,0,0,0,0.0123318385650224,0.0409993593850096,0.0104099935938501,0,0.00128122998078155,0,0,0.000800768737988469,0.0984945547725817,0,0.00448430493273543,0.2916399743754,0.00576553491351698,0.198430493273543,0,0,0.00160153747597694,0,0,0.0137732222934017,0,0,0.0108904548366432,0.000160153747597694,0,0,0,0,0,0,0,0
"96",2085,0.00112053785817192,0.000320153673763406,0.00288138306387066,0,0.00224107571634384,0.00160076836881703,0,0,0,0,0.00592284296462302,0.345445813990716,0.0200096046102129,0,0,0,0,0.0048023051064511,0,0,0,0.000320153673763406,0.0124859932767729,0.0107251480710741,0.000320153673763406,0,0,0.00560268929085961,0.219465343364815,0.000160076836881703,0.0323355210501041,0.204418120697935,0.00464222826956939,0.0433808227949416,0.0766768048663358,0,0.000320153673763406,0,0,0.00368176724827917,0,0,0.00112053785817192,0,0,0,0,0,0,0,0,0
"97",2097,0.000160076836881703,0,0.00960461021290219,0,0.00368176724827917,0.337922202657276,0,0,0,0.0131263006242997,0,0,0.0425804386105331,0.0196894509364495,0,0,0,0,0,0,0.000160076836881703,0.000800384184408516,0.0257723707379542,0.000320153673763406,0.000320153673763406,0,0,0.0163278373619337,0.278533696174164,0,0.000320153673763406,0.231951336641588,0.00288138306387066,0,0.00880422602849368,0,0,0,0,0,0,0,0,0,0,0.00112053785817192,0,0,0,0,0,0.00592284296462302
"98",5006,0.00670701783085228,0,0.00212661540978243,0,0.000654343203009979,0.0871912318010797,0,0.0031081302142974,0,0.00327171601504989,0.00670701783085228,0.142810404056928,0.0153770652707345,0.00408964501881237,0,0.000163585800752495,0,0,0,0,0,0.00588908882708981,0.0296090299362015,0.00245378701128742,0.00147227220677245,0.000327171601504989,0,0.000654343203009979,0.252249304760347,0.00163585800752495,0.0031081302142974,0.342875838377229,0.0062162604285948,0.0592180598724031,0,0,0,0.000163585800752495,0,0.00703418943235727,0,0,0.0107966628496646,0,0,0.000654343203009979,0,0,0,0.00212661540978243,0,0.00130868640601996
"99",5008,0.0125301204819277,0,0.00257028112449799,0.000803212851405623,0.00176706827309237,0.0353413654618474,0,0.00208835341365462,0,0.00240963855421687,0,0.250281124497992,0.0353413654618474,0.00401606425702811,0,0.00305220883534137,0,0,0,0,0,0.00273092369477912,0.0533333333333333,0.000642570281124498,0.00594377510040161,0,0,0.00192771084337349,0.221847389558233,0,0.00530120481927711,0.252690763052209,0.00289156626506024,0.00706827309236948,0.0822489959839357,0,0.000321285140562249,0,0,0.00594377510040161,0,0,0.00257028112449799,0,0,0.00224899598393574,0,0,0,0,0,0.00208835341365462
"100",5010,0.00484966052376334,0.000323310701584222,0.00323310701584222,0,0.00307145166505011,0.0860006466214032,0,0.0197219527966376,0,0.002909796314258,0,0.108955706433883,0.0119624959586162,0.00193986420950533,0,0,0,0,0,0,0,0.00161655350792111,0.0795344325897187,0.002909796314258,0.018913676042677,0.00113158745554478,0,0.00630455868089234,0.103782735208535,0.000969932104752667,0.0179437439379243,0.435337859683156,0.00226317491108956,0.0106692531522793,0.000161655350792111,0,0.000161655350792111,0.000808276753960556,0,0.00177820885871322,0,0,0.00759780148722923,0.00113158745554478,0,0,0,0,0,0.0530229550598125,0,0.0109925638538636
"101",5018,0,0,0,0.000160076836881703,0.000800384184408516,0.268608932287498,0,0,0,0,0,0.105170481831279,0.000960461021290219,0,0,0,0,0,0,0,0,0.000960461021290219,0.00192092204258044,0.0049623819433328,0.00048023051064511,0,0,0.00256122939010725,0.240275332159437,0.000960461021290219,0,0.304145990075236,0.00336161357451577,0,0.018889066752041,0,0,0,0,0,0,0,0.0115255322554826,0.000640307347526813,0,0,0,0,0,0,0,0.0336161357451577
"102",5019,0.0336842105263158,0.000323886639676113,0.00777327935222672,0,0.00388663967611336,0.134251012145749,0,0.00469635627530364,0,0.00129554655870445,0,0.00566801619433198,0.0195951417004049,0.00307692307692308,0,0.000647773279352227,0,0,0,0,0,0.0011336032388664,0.071417004048583,0.00275303643724696,0.0011336032388664,0,0,0.00566801619433198,0.286963562753036,0.000161943319838057,0.00453441295546559,0.298785425101215,0.00356275303643725,0.0536032388663968,0.0463157894736842,0,0,0,0,0.000323886639676113,0,0,0.0059919028340081,0.00275303643724696,0,0,0,0,0,0,0,0
"103",5054,0.00806849991766837,0,0.00428124485427301,0.00032932652725177,0.00279927548164005,0.0454470607607443,0,0.00345792853614359,0,0.0011526428453812,0.00724518359953894,0.0533508974147868,0.0439650913881113,0.0205829079532356,0,0,0,0,0,0,0,0.000164663263625885,0.0709698666227565,0.00246994895438828,0.094516713321258,0.00032932652725177,0,0.00691585707228717,0.0946813765848839,0,0.00246994895438828,0.45858718919809,0.00197595916351062,0.0416598056973489,0.00872715297217191,0,0,0.000493989790877655,0,0.00032932652725177,0,0,0.0204182446896097,0,0,0.00032932652725177,0,0,0,0.000823316318129425,0,0.00345792853614359
"104",5060,0.0104049943973107,0,0,0,0.00128061469505363,0.121818472866976,0,0.000800384184408516,0,0.0049623819433328,0,0,0.238674563790619,0,0,0,0,0,0,0,0,0.0339362894189211,0.022090603489675,0,0,0,0,0.00160076836881703,0.233712181847287,0,0.00240115255322555,0.308788218344806,0.00336161357451577,0,0.00176084520569874,0,0,0,0,0.00464222826956939,0,0,0.00944453337602049,0,0,0,0,0,0,0,0,0.000320153673763406
"105",5065,0.00577941884732702,0.00353186707336651,0.00834804944613903,0,0.00305024883608926,0.0101139829828223,0,0,0,0,0.00369240648579226,0.40311446460106,0.001284315299406,0.000481618237277252,0,0,0,0,0,0,0.000802697062128753,0.000321078824851501,0.0138063894686145,0.0149301653555948,0.00481618237277252,0.000481618237277252,0,0.00706373414673302,0.128913148177878,0,0.00481618237277252,0.2406485792262,0.00272917001123776,0.0553860972868839,0.0378873013324771,0,0,0,0,0.000802697062128753,0.0239203724514368,0,0.0227965965644566,0.000481618237277252,0,0,0,0,0,0,0,0
"106",5067,0,0,0.0011417387049421,0,0.00065242211710977,0.0223454575110096,0,0.00277279399771652,0,0.00212037188060675,0,0.177785026912412,0.0135377589300277,0.00309900505627141,0,0,0,0,0,0,0,0.00065242211710977,0.0135377589300277,0,0.00407763823193606,0,0,0.00342521611482629,0.236666122981569,0,0,0.287065731528299,0.00130484423421954,0.216277931821889,0.000326211058554885,0,0.000163105529277443,0,0,0.00244658293916164,0,0,0.00782906540531724,0.00130484423421954,0,0,0,0,0,0.00146794976349698,0,0
"107",5068,0.0489835120858012,0.00176084520569874,0.0281735232911798,0,0.00544261245397791,0.0773171122138627,0,0,0,0.000640307347526813,0,0,0.00304145990075236,0.00560268929085961,0,0,0,0,0,0,0.000160076836881703,0.0163278373619337,0,0.00960461021290219,0.000160076836881703,0,0,0.00256122939010725,0.32335521050104,0,0.00400192092204258,0.449175604290059,0.00528253561709621,0.0163278373619337,0,0,0.000160076836881703,0,0,0,0,0,0.00112053785817192,0.000800384184408516,0,0,0,0,0,0,0,0
"108",5070,0.0182086614173228,0,0.0132874015748032,0,0.0193569553805774,0.240813648293963,0,0,0,0.00114829396325459,0,0,0.0103346456692913,0.0131233595800525,0,0.00360892388451444,0,0,0,0,0,0.0206692913385827,0.00984251968503937,0.00360892388451444,0.000820209973753281,0,0,0.00131233595800525,0.297244094488189,0,0.00147637795275591,0.335301837270341,0.00180446194225722,0,0.00475721784776903,0,0,0,0,0.00147637795275591,0,0,0.00131233595800525,0,0,0,0,0,0,0,0,0.000492125984251968
