Gene_name,logFC,P.Value
FCN1,1.48521093692249,2.23114140638476e-11
NA,-2.40331690529144,9.02513003629182e-10
HVCN1,-0.992038398339681,1.12012442146101e-08
H1-0,-1.23160230780701,3.41027065390737e-08
MNDA,-0.786173717609292,6.10288604925549e-08
CES1,-0.755629046653487,8.71613719244874e-08
CD53,-0.877589401674159,8.96464433885562e-08
HLA-DQB1,-0.820992614249062,1.5574349932888e-07
CYBA,-0.80716261436979,1.89225681037889e-07
SAMHD1,-0.777182227595119,2.9846883289823e-07
H1-5,-0.897708209209334,3.03129784268336e-07
H1-2,-0.772397952859323,3.25777159481443e-07
SFPQ,-0.802490937832715,4.34348596489494e-07
LMNB1,-0.705427328105598,6.21280873027896e-07
HNRNPU,-0.572866386384105,6.77544687240105e-07
NCF2,-0.735575414652655,7.65498417451018e-07
HNRNPD,-0.672075897064899,8.10739018265094e-07
ACAA2,-0.522352776200799,1.09740529184469e-06
RPS7,-0.708797960170795,1.21181648695129e-06
MPO,-0.533003873216114,1.77583867652793e-06
RPL15,-0.763608550851495,1.79653038749864e-06
RPS9,-0.58755256044532,1.86004147869782e-06
PLEC,-0.484631492545654,2.02050972234501e-06
RPL21,-0.931764416473034,2.07254775756052e-06
LGALS1,-0.72261341204327,2.10694481455267e-06
SRSF7,-0.734324112356278,2.20956370347322e-06
LBR,-0.494007969337371,2.36001832134088e-06
HNRNPL,-0.632728268668351,2.37456706796971e-06
SRSF3,-0.646185201806981,2.39449957087371e-06
RALYL,-0.726526997455486,2.59946768131322e-06
H4C9,-0.764278738154784,2.60276960991969e-06
DDX39B,-0.510268128941367,2.78142803852715e-06
HMGA1,-0.798986291241857,2.80621312878337e-06
TOR1AIP1,-0.481263158657453,2.82413949576325e-06
TSPO,-0.491018491929677,2.99887912237471e-06
PF4,0.71390077165233,3.05838334165132e-06
RPS25,-0.67889423648837,3.06833879123892e-06
H2BC13,-0.74913612566804,3.07724310753403e-06
SLC9B2,-1.5976046626436,3.20549395231091e-06
RPLP0,-0.679952578153843,3.87415523981819e-06
RPS10,-0.629950186913979,4.15765561672464e-06
NONO,-0.701592790953552,4.2905207514194e-06
KHDRBS1,-1.05682840212715,4.55330163351348e-06
RPS20,-0.573409197439129,4.76586028354946e-06
HNRNPAB,-0.903547204803346,4.91838011463814e-06
RARRES2,0.695980960391053,4.95891507051525e-06
RPS5,-0.653931162839217,5.26937166536025e-06
ANXA6,-0.547340144268831,5.3300858330133e-06
CBX3,-0.550375750776889,5.54420146484391e-06
HNRNPM,-0.617707994105405,5.62620535194586e-06
PTPRC,-0.569397088566013,5.72977033748258e-06
RPS3,-0.591950814582864,5.82164802666013e-06
SNCA,0.64319275036545,5.82859008228572e-06
HNRNPC,-0.596788197383479,5.97527581297187e-06
CYBB,-0.601754505891635,6.22183604450848e-06
ERO1A,-0.5587842131234,6.34442317401991e-06
RPL18,-0.614755959390449,6.59363381830581e-06
SUCLG2,-0.494152397798994,6.91765557535137e-06
MYO1G,-0.56889195293494,7.6187998472618e-06
RPL13A,-0.588952603606381,7.93008215867629e-06
H2AX,-0.638838041840546,8.34722522117078e-06
ITGB2,-0.523798457937573,8.46055943363449e-06
S100A9,-1.05154734124491,8.86502588008028e-06
ALDH2,-0.645868414164575,9.03703142909692e-06
H1-10,-0.580615994350382,9.31897767084808e-06
EEF2,-0.538424690605587,9.42945173365411e-06
DDX5,-0.473503835228957,9.43895462701562e-06
GCLC,-0.834021824947501,9.62251639269058e-06
RPS18,-0.77539021633566,9.93808493427374e-06
SNX27,-0.514827326909534,9.99312068117474e-06
KCTD12,-0.602192919280638,1.00191660466335e-05
DHX9,-0.622832983259547,1.06957881182584e-05
MYO1F,-0.59096934597827,1.11816982538336e-05
RPS2,-0.519951855473358,1.13073062060072e-05
NPM1,-0.60746977001168,1.14543318569872e-05
RPL28,-0.688622315396813,1.17780384593663e-05
RPL11,-0.509483642421507,1.24216312282388e-05
CORO7,-0.616879853306327,1.2576561981295e-05
PRKDC,-0.464895909916522,1.30525156132551e-05
TMEM205,-0.578159643866312,1.43061382956265e-05
PLBD1,-0.7745290715129,1.48207089797366e-05
H2BC12,-0.782760658623759,1.48786753468797e-05
HNRNPH1,-0.476980377604617,1.56490677412958e-05
RPL7,-0.614458693847509,1.59734204748076e-05
C5AR1,-0.974866263278285,1.59860194789121e-05
PF4V1,0.666492424332263,1.60787760092256e-05
H1-4,-0.748845389213971,1.60892093385392e-05
PARPBP,-0.603605602487871,1.80914901345586e-05
PHGDH,-0.704863442355409,1.94790075363356e-05
EEF1A1,-0.589948553337923,2.15801189840893e-05
H3-3A,-0.64919257146422,2.17360893410567e-05
PPBP,0.64870248380577,2.32221152927555e-05
S100A8,-0.901158742070109,2.34318023036508e-05
NCF4,-0.484620212738469,2.36544416867106e-05
TRIM25,-0.516098898069701,2.50314495662504e-05
RPS17,-0.507309976176693,2.62079530659016e-05
RPL10A,-0.61501066972777,2.71128261796517e-05
ELANE,-0.443348840037288,2.78070890342742e-05
HNRNPA1,-0.604184281796957,2.80547603972499e-05
RHOG,-0.580850776218442,2.84327411004496e-05
HP1BP3,-0.471162933412244,2.86652212315315e-05
IMPDH2,-0.380515016322643,2.93204095339449e-05
RBM39,-0.792977439973259,3.101069289339e-05
NA,-0.618464798090621,3.1440152748811e-05
FGG,0.640905851709835,3.3711634249244e-05
ANXA1,-0.720919529230297,3.39485745803522e-05
RPS4X,-0.50304413177119,3.51116881492379e-05
TMPO,-0.477330536000387,3.6315926249914e-05
TREML1,0.51489241388711,3.68525585893981e-05
RPLP2,-0.561555281698168,3.78375555186936e-05
S100A12,-0.701205171092098,3.80572910264784e-05
HMGB2,-0.952848408034619,3.86954932671812e-05
HNRNPK,-0.480405227673535,3.95190823144017e-05
PPP3R1,0.463490797243379,3.95308779003671e-05
NA,-0.524751529469981,4.18283795371632e-05
HMGB1,-0.85164670227938,4.31538608174552e-05
EIF3E,-0.515988337532023,4.39927394819377e-05
RPL8,-0.626922682771968,4.44118963565882e-05
S100A6,-0.754302750202023,4.50245336781272e-05
FKBP5,-0.436386502589997,4.52207492485424e-05
MGST3,-0.619897248379812,4.55663671241317e-05
DDX17,-0.444945296748128,4.56417307614512e-05
PDLIM1,0.424006543397885,4.65149761590792e-05
RPS23,-0.751780415068031,4.67602867151237e-05
MASTL,0.544138140518199,4.87374617718212e-05
RPL6,-0.514872475727836,4.89759625718411e-05
SSB,-0.541288009759842,4.97567171044733e-05
MATR3,-0.512516817796715,4.99149730011583e-05
AHSA1,-0.393189894887743,5.01142502412068e-05
FBL,-0.656613299939866,5.05824325799658e-05
RAB3D,-0.44584682385988,5.07479924491442e-05
HNRNPUL2,-0.517562586932566,5.1785107468656e-05
STOM,0.440877535608457,5.20964798459647e-05
RAN,-0.436754199682608,5.403689231297e-05
SERPINE1,0.568143589716853,5.463970242911e-05
HNRNPA3,-0.531041655502052,5.73626276386249e-05
RPL13,-0.557008840094023,5.8019395586104e-05
GSN,0.457324712312087,5.96393897510444e-05
F5,0.493467065333154,6.04829919032706e-05
RTN2,0.350932040019885,6.05874320314017e-05
HNRNPA2B1,-0.591903278287966,6.07702385748956e-05
RPS3A,-0.513348446888761,6.16981446382508e-05
THEMIS2,-0.465516213449954,6.18641179764625e-05
GCA,-0.436760255977634,6.35716273399058e-05
FGA,0.603575843256468,6.6437428621093e-05
FMNL1,-0.453560813694009,6.69031169092616e-05
XRCC5,-0.42938549866867,6.83000894948636e-05
SRSF1,-0.583555582041199,6.93234611418757e-05
S100A11,-0.870317913100415,6.94923597047308e-05
LY6G6F,0.542416966070573,6.98512926400265e-05
DEK,-0.463042935211734,7.06872444719262e-05
RPL5,-0.61425649226291,7.39300438143694e-05
NCL,-0.614774466486822,7.4644165676808e-05
CAPN2,-0.458419039347464,7.87938762421298e-05
RPL35A,-0.647987639903861,7.90576806954449e-05
S100A10,-0.799496589759555,8.7196036769817e-05
RPS14,-0.427447139254772,8.87220785818545e-05
PPP4R3A,-0.944316443149344,9.35704324313475e-05
FGB,0.575044495308746,9.58479308014095e-05
ALAD,0.447767367098745,9.63473331684289e-05
RPL17,-0.538110606942038,9.72709744411181e-05
HLA-DRB1,-0.669603013670163,0.00010533197836776
RPL3,-0.595896835366846,0.000106844244773818
ITGA2,0.442880077930351,0.000108787085792157
PCNA,-0.38948604933225,0.000110982902856239
GCLM,0.460905065981271,0.000114012822771467
HSP90AB1,-0.37055563779362,0.000115644937234915
CAPG,-0.756790451402092,0.000115648029489437
COLGALT1,-0.38784130009111,0.000119157472541188
NID1,0.449790860499569,0.000119632160463558
RNH1,-0.406832474765089,0.000121099763541908
REXO2,0.530891223122623,0.000122394854667407
OS9,-0.506479323548256,0.000123727483159144
PTPRE,-0.51582493307523,0.000124878392355579
CCL5,0.425787779761859,0.000125032893415752
STAT1,-0.475550698373757,0.000125805628061691
NOP56,-0.454582955793064,0.000128069152503859
H2AC20,-0.569169053092838,0.000132546027053913
XRCC6,-0.396921311117489,0.00013473395209231
APOL1,-0.566289528223246,0.000135413229564603
PPP1R12C,-0.491705412125227,0.000136352261815366
GLIPR2,-0.405864643574419,0.000143641463463718
RPL10,-0.58763869575491,0.000145337882209343
HNRNPH3,-0.516560628718453,0.000147430891277844
ANP32B,-0.594379047223879,0.000148158084957633
HNRNPH2,-0.379245419797887,0.000149505691813103
RRBP1,-0.434980956117793,0.000149645657773648
SH3BP1,-0.365554688573488,0.00015267915244122
IL16,-0.456590307054583,0.000157394884330668
HLA-B,-0.342751696566,0.000158164291628576
PSMC1,-0.340990840626916,0.000160028893469298
SERPINE2,0.44792012982123,0.000160263774770959
RPS11,-0.453551032681525,0.000165845106964854
FEN1,-0.528036937732486,0.000166245316711131
PRNP,0.389783046005714,0.00017151551812476
ANXA2,-0.687950950703571,0.000172892015874414
PCBP1,-0.331612991511075,0.000175691068322357
HSPB1,0.370778806413837,0.000180355873373502
NAGK,-0.506686049417813,0.000188344829386261
CAVIN2,0.498680576503891,0.000190114178024711
HK3,-0.455723965497293,0.000195883838235238
PROS1,0.547444764974727,0.000204842868873512
PTGES3,-0.654416885582853,0.000214987896059948
SF3B3,-0.486716032316147,0.000215139922602629
APEX1,-0.815638210338176,0.000223925256202256
S100A4,-0.463900655868317,0.000227139642663846
MACROH2A1,-0.437992731011691,0.00023221279823808
CPPED1,-0.4100019677422,0.000244670022152519
RPL7A,-0.459505638792081,0.000251490755617302
RPL23A,-0.582433803969181,0.000261925746022801
DDX3X,-0.337567712714665,0.00026355346193479
HNRNPR,-0.402911316983855,0.000267637292128745
RPA1,-0.48667318544299,0.000268824094051436
ITGAM,-0.328856677419388,0.000272970401282062
PAK4,-0.357046100750278,0.000274961932712226
SET,-0.592132415089208,0.000283581397669621
OSTF1,-0.333618588854024,0.000285507009592177
RPS8,-0.357427506809603,0.000288355532774418
RPLP1,-0.538165632748505,0.000303938767851514
ANP32E,-0.420541574288759,0.000303968449161146
STX7,0.322315027978816,0.000304549572021483
SIRPB1,-0.747212202481124,0.000314821724271276
ME1,-0.532989010210802,0.000324345805885566
SCIN,0.417595584798456,0.000334759844644378
DOK2,-0.353802315877664,0.000335468812372633
TAS1R1,-0.794734833147125,0.000340148420439575
SPTA1,-0.399821294160255,0.000348384688793334
H2AZ2,-0.51184496894969,0.000349432961167669
ENO2,0.417565749771419,0.000349797544540792
EIF4A1,-0.290394148316257,0.000367962130972832
LUC7L,-0.576868922308874,0.000368763497590171
ITGAL,-0.416001902287277,0.000372852066375556
MYH7,0.844744118743632,0.000377105641343764
SARS2,0.503117002563542,0.000377831753679211
LRPPRC,-0.367056502318549,0.000384753621685834
ACADS,-0.735712197809097,0.000386447830995315
KHSRP,-0.448073680945789,0.000388323884152319
HDHD5,-0.468890123650575,0.000389517974482931
ADAM10,0.416177572979895,0.000390848820849584
CNPY3,-0.350181734694683,0.000397275432783
TOP2B,-0.510937947538021,0.000415171871649394
VIM,-0.653092202999754,0.000422820419835944
LRRC25,-0.414741454590562,0.00042491875184759
RPL12,-0.466437807276848,0.000425604239298172
HNRNPF,-0.450617812234291,0.000427738440489997
PLEKHO2,-0.386498592037074,0.000430202273630337
H1-3,-0.765151997030683,0.000430695503260984
LDHB,0.439483743990767,0.000434839887296668
GMIP,-0.424347861390552,0.000435851553716614
ACADVL,-0.343254678762311,0.000439583160800858
MAP4,-0.52717140002708,0.000441250484538935
TES,-0.598964355567208,0.000464541364327516
FLNB,-0.390569901863116,0.000465025669192503
RPS13,-0.425198431825496,0.000466276596239256
SNU13,-0.447209467239068,0.000470289418275129
HDAC1,-0.556882325621013,0.000493296266707441
ANKS1B,-0.622080034371341,0.000500468162872661
TRA2B,-0.496880174498012,0.000508243210423146
EIF1AX,-0.472979403778806,0.000508362889160133
RPS19,-0.459937325185013,0.000512427536123681
EZR,-0.551389540184427,0.000526587893230045
ILF3,-0.625235997981874,0.000533263731351083
DUT,-0.31038732263642,0.000547236038346165
THBS1,0.465238851119218,0.000552690931079005
FUS,-0.562164333723977,0.000560752225787823
SLC3A2,-0.418097301082251,0.000571021859887801
ALDH9A1,-0.379773408361244,0.000573953573689248
RPL35,-0.632350332448855,0.00057507368764759
CACYBP,-0.402660369848032,0.000583248878636591
IQGAP1,-0.41532653201298,0.000585496809571788
EIF4A3,-0.42817809043511,0.000589963456952304
RNPEP,-0.330494105496786,0.000597804706681967
FGR,-0.754325749249406,0.000612929566628373
MYO9B,-0.537672814906258,0.000632677334508181
SULT1A3,0.405110113662754,0.000658720865603515
CAT,-0.284087258988685,0.000665953906521554
EMD,-0.345640605561764,0.000675991817663901
GRK2,-0.387481775834235,0.000677970565962594
NAMPT,-0.531343782511383,0.000702650513949969
LMNA,-0.606374265508918,0.000706175604691493
SEC61A1,-0.437849133859646,0.000728104198334514
SYNCRIP,-0.364239798271011,0.000731114729040287
SPTBN1,0.267024972749969,0.000732406567284636
PPM1G,-0.390926368540577,0.000770104138964141
ADSS2,-0.385978877674698,0.000770483757388381
RBMX,-0.385163914190015,0.000774002546657454
PRAM1,-0.377182044286171,0.000784505974764123
LAMP1,-0.492258807260553,0.000794082369400946
LYZ,-0.484445837901799,0.000803862521361608
ATL1,0.309171520767878,0.000805151957243277
GLUD1,-0.259995451287819,0.000818051730235548
PDK1,-0.522929965329417,0.000835520396749946
MPIG6B,0.452019682132957,0.000838183780804929
RBBP7,-0.381007206276669,0.000840795824038114
GRAP2,0.337666966784785,0.000869764060767723
ELMO1,-0.270734445550553,0.000881917199318882
ECI1,-0.335764826402248,0.000903299306107693
STING1,-0.451177420887655,0.000905967974465927
EIF5,-0.311741879280283,0.000908848066752161
PMPCA,-0.417204370211433,0.000914380156593231
ATP6V1C1,-0.371918643053572,0.000925859019205769
FAM49B,-0.371655634124945,0.000942685589970375
UPF1,-0.355137183047202,0.000955206231254108
PRPF8,-0.370836563285143,0.000959530223732504
LSP1,-0.577210921337294,0.00100717203972457
MAOB,0.373032328366178,0.00103420192573774
RANGAP1,-0.450437063332494,0.00103682704531976
LCP1,-0.524757174065012,0.00104331254716198
PAFAH1B3,-0.386199776853826,0.0010475641643605
SNRPA,-0.682549002608004,0.00105872571967578
ALOX5,-0.564831638663131,0.00107032992056486
GSTO1,0.296497935818991,0.00107083234652236
PTBP1,-0.349273163271823,0.001071435666281
FUCA1,-0.743746978669399,0.00107548072755272
PABPC1,-0.308597690316648,0.00108334911532409
RPL26,-0.366107490218015,0.00108919540004605
TMEM33,-0.288426488205553,0.00110506140812732
CKAP4,-0.312005698803256,0.00111471745486028
AHNAK,-0.560805570820323,0.00111545604755457
ARHGEF2,-0.324405462088775,0.00111970180139493
HLA-E,0.316973083958411,0.00112326886975047
ANP32A,-0.427770825735612,0.00112391314096228
PHF5A,-0.444098361082227,0.00112492827499416
MTX1,-0.401374292292545,0.00112519464641575
ATP13A1,-0.366883548149287,0.00113441555966294
GNG5,-0.315540568322623,0.00115480378095234
SLC2A3,0.432546831574447,0.00116326482225965
PUF60,-0.392165394107891,0.001167575596165
ALDH3A2,-0.378715049529948,0.0011940044890573
RPS12,-0.368747714667762,0.00120526482129877
ANO6,0.365040853642047,0.00120844541479079
MYL9,0.360808328528178,0.00121947755923717
DYNC1H1,-0.267813638642904,0.00122163422181424
SF3B1,-0.410436874569645,0.001224902766934
GLRX,-0.387500346992647,0.00125031890314229
RPS6,-0.562730501065453,0.00125945182514691
PDIA5,0.392663983414316,0.00127592074150172
SRSF9,-0.415414995191319,0.00128517144047699
EIF3I,-0.310650203338073,0.00128818585372441
POR,-0.355180959626168,0.00128967969826166
PDXDC1,-0.31307758878949,0.00129197185044153
RPSA,-0.30626939928882,0.00131448353553711
ASPH,-0.298523295340368,0.00133499860287745
ATP6V1E1,-0.336377554291293,0.00134606785766358
GIMAP4,-0.338357469099307,0.00134644863760732
ACTN1,0.390205165047664,0.00134949616056854
RPS28,-0.357995273273949,0.00139163978930788
PCYOX1L,-0.57287433101509,0.00140281332971054
HPSE,0.332592846709561,0.00141493510683591
VCP,0.281749323652677,0.00142118108553281
RAC2,-0.249565505670415,0.00144039777302731
GNAI2,-0.272418781407067,0.00145311350050463
PGD,-0.362731666812965,0.0014602425244646
TOMM5,-0.35217679696898,0.00146493052506621
MYH8,0.634328895551263,0.00148133297245324
H2BC21,-0.553750929996431,0.00148959233882913
NQO1,-0.432980539788206,0.00149439045328847
RPL18A,-0.78301379259961,0.00149940492799868
GFAP,-0.937192010958042,0.00151459756877315
EIF2A,-0.452382258628221,0.00152209328355096
EFHD2,-0.50334281327608,0.00155405829588797
GRPEL1,-0.397341237541399,0.0015641027636555
CPT1A,-0.299636272619347,0.00156744162349125
HMOX1,-0.369309417561291,0.00161000056232614
PPP1R18,-0.539651176503791,0.00163039841153882
RPS6KA1,-0.467476099965462,0.00163997598514098
RPL14,-0.380368086384332,0.0016411365375255
HLA-A,-0.246056523856761,0.00164872185714912
DCAF7,-0.296939838611059,0.00165883708921014
IPO9,-0.273256438545954,0.00171202768432971
CASP1,-0.442626655566026,0.00172763936363572
ANPEP,-0.57185264311261,0.00173102554865353
C11orf58,-0.5944563272609,0.00174006407061427
BASP1,-0.833520279430086,0.00175242470360707
SELP,0.334461788094564,0.00176804595222851
RPA3,-0.259246109814584,0.00177910206741952
NA,-0.661604239162081,0.00183125907962191
CNN2,0.298721352490054,0.001840276978152
TRIM28,-0.461880544207736,0.00184507100228426
VAC14,-0.315438348292234,0.00186332745518542
UBR5,0.434881680271318,0.00187164969864719
RPL32,-0.430207680026521,0.00187341705513962
CPVL,-0.517343895656516,0.00194807800138257
F8A1,-0.279760396407884,0.00194961361395213
H2AW,-0.548743641185492,0.00196236627585519
NUBP2,-0.383985153344662,0.00199852249154439
CHMP2B,-0.397683724946788,0.00201287656640641
LMNB2,-0.390289590146605,0.00202379390175442
BIN2,0.228892142501937,0.00206728066945389
AAMP,-0.383269168395669,0.00207236585967248
SNRPD3,-0.430706007206999,0.00208597761723281
MYL6,0.443848122505694,0.00212448036870876
CD44,-0.483205345063776,0.0021787531136738
SKP1,-0.264999341280422,0.00217947886802705
MMRN1,0.385746841541565,0.00220694135534565
HADHA,-0.294438411351038,0.00223184561179226
TRAP1,-0.328709832076215,0.00223514433757657
ITGA2B,0.416217597751789,0.00229391189059696
RPL27A,-0.419088769932,0.00232337856244702
THRAP3,-0.369977404350485,0.00238179272760999
ISOC1,0.309751795664807,0.00241265994578958
INPP5D,-0.299756068244024,0.00241316825026724
ACSL1,-0.317016451214187,0.00245372978817928
NA,-0.280739589461391,0.00248362666750032
VAMP7,0.251788904148912,0.00249467859941584
SEC24C,-0.252616080779412,0.00253986449453116
BCCIP,-0.418390393875454,0.00255817639750654
MAPK3,-0.400892214875009,0.00258323822904511
DOK3,-0.305666129770022,0.00259512664459869
ITGB1,0.292660738568663,0.00266800700028814
F11R,0.244030488156754,0.0026748455495593
STAT6,-0.389163282273435,0.00274171054167244
RPS16,-0.297623556497972,0.00278561014452713
HDGF,-0.34326089409499,0.00278928096958296
DAZAP1,-0.53828863107652,0.00279134316886793
CLU,0.239578443858553,0.00280290003139368
METAP1,-0.295538910657869,0.00281046181920608
TPM1,0.36579781397451,0.00281057250210294
LAMP2,-0.398694603288116,0.00281088647091537
TFAM,-0.29338214421755,0.00285660897024537
BLVRB,-0.445578916702626,0.00288727143092874
CD14,-0.445453879443818,0.0029192204791719
GP9,0.325975010147618,0.00313701279173358
GP1BB,0.391424991629266,0.00314862776748881
NANS,-0.287363167966369,0.0031624537586871
RPL36,-0.379533475599952,0.00316924260824269
SUMO4,-0.273109064224818,0.0031733845639985
PDS5B,-0.326432422611154,0.00320448056315658
TOMM20,-0.247966249187317,0.00320778161450048
ATG3,-0.286598626367145,0.0032336476199128
HNRNPUL1,-0.268456808056298,0.00329075118682378
HLA-DRA,-0.356354007257046,0.00331141776774272
SIKE1,-0.514772302626385,0.00331944937482343
GP5,0.396616800203015,0.00332311923065368
BST1,-0.255294661231642,0.00333114630208909
PLXNA2,0.586487867393275,0.00336394587846492
CSE1L,-0.257522015402175,0.00337206290721005
MAGOH,-0.363234365858982,0.00339509546621077
ARSB,-0.375877502792716,0.00346110812413534
RNPS1,-0.266375036608576,0.00350940729930162
GALK1,-0.300608627742059,0.00353137870412024
MPV17,-0.298630141868631,0.00353336094523501
HCLS1,-0.467160494212623,0.00353547470031629
PDLIM2,0.67450320159752,0.00354074470286402
MCM2,-0.369046327653478,0.00355371719359059
GOT1,0.355987541116662,0.0035547841655203
PRDX1,-0.337831545859791,0.0036014423273639
UBA52,-0.367625110154932,0.00364785689351712
PYCARD,-0.477306725173258,0.00375726047694503
VASP,0.26498668099716,0.00376077815188185
DOCK10,-0.27360971836698,0.00381872763404162
USP9X,-0.23759228691064,0.00386925548033475
RP2,-0.303986064111442,0.0038908324092109
NAPRT,0.263713376692728,0.00398409991836143
HADHB,-0.242577443673251,0.00398731940783153
GP1BA,0.304811957066191,0.00402277889288139
RPS29,-0.420169630987708,0.0040372995597158
RPL29,-0.463590644252297,0.0040603444599803
SERPINB2,-0.685477909710833,0.00408878952364637
SEC22B,-0.380317351746047,0.00417932495753323
NAP1L1,0.30592066583367,0.00420908664914235
STK4,-0.260633811944714,0.00421374030595979
ACAA1,-0.283085277957316,0.00424688391091708
TUFM,-0.283836918194394,0.00426871681557918
ACTN3,0.494333271959875,0.00432436466575489
PPT1,-0.372314249685216,0.00445297084034504
ITGAX,-0.486810369465421,0.00445903708359744
EIF2S3,-0.327772192029897,0.0044865642971868
HSD17B8,-0.369429158973979,0.00456825337785764
NPC2,-0.526980850002522,0.0045725948208143
EEF1G,-0.244852114073118,0.00458920443835432
RPL4,-0.29536036934913,0.00458929373284643
DDX6,-0.248321751787948,0.0046137715978922
POTEI,0.283903244855218,0.00466156380775511
ARF4,-0.29115051378206,0.0048431453603003
TPP2,0.213188103196071,0.00484734431009493
MORC4,-0.304667176246276,0.00489053607379847
THBS3,0.550209945136052,0.00490062733059613
ARF5,-0.374995245639952,0.00492693560454821
RAB27B,0.385216358529619,0.00494509733978546
IARS1,-0.312507001354629,0.00494515797871498
DNM1,0.23228215632123,0.00495349796694716
TMEM40,0.299701945055133,0.0049637144983141
SPARC,0.310202045039144,0.0049682150693137
RPL38,-0.278133418513931,0.00506499686060204
LRRFIP1,-0.634501615993467,0.00506834757121944
ATP5IF1,-0.374902672319668,0.00507554300726183
SUB1,-0.6869882866985,0.00509026233066822
EHD4,-0.230547281894718,0.00510934378458227
CERT1,-0.434673327832459,0.00513433591620559
KARS1,-0.272528262236883,0.00514006446363973
STK10,-0.328378447625158,0.00514567979115465
DARS2,-0.417045598434955,0.00516288883230447
CTSS,-0.532704646971013,0.00517579361504506
C1orf116,0.381712138206776,0.00520534213956267
ACAT1,-0.369365732208143,0.00532465742410308
GAK,-0.308590199034958,0.00536991486089295
DOCK8,-0.212538364171673,0.0053955012055797
MYCT1,0.29220661980608,0.00544424938479938
DNAJB1,-0.367443887109717,0.00546132140184963
ATP6V1H,-0.303513110575828,0.00551590201416735
NA,-0.361851729526668,0.00555286861973305
TUBB6,-0.337650548132465,0.00555333687169941
RPL9,-0.300326304022922,0.00555534723362323
GDI1,0.261540152060169,0.00562927315223277
YWHAZ,0.268677678699298,0.00563693528793127
EPPK1,-0.528846476581831,0.00575136072863539
GLYR1,-0.37591638628799,0.00575832874189064
ACP1,-0.277891983335526,0.00577545222293199
STMN1,-0.470640914203244,0.00582172786485483
CTSH,-0.584142235227814,0.0058314991645961
UQCRC2,-0.214959197217675,0.00583386007933118
CCDC22,-0.302445903093261,0.0058539386512228
THBS2,0.30888670448784,0.00587994100919057
PTGES2,-0.295118182270989,0.00588699805726716
IFT172,-0.481105626809261,0.00591756592232789
RAB2A,-0.238702537327138,0.0059356257734018
CD226,0.243302577375165,0.00595012834326723
FAM136A,-0.338974158876941,0.00604073199553527
ADCY6,0.322314375056368,0.00604694451632107
RNF213,-0.43515613954074,0.00606351031224489
COX7A2L,-0.278848256249576,0.00606361191760308
PSAP,-0.588969493123414,0.00612124597760926
CTSZ,-0.519545309954417,0.00618296810228506
HEBP2,-0.409066641302819,0.00618989873285662
NDUFB7,-0.279016418373243,0.00630068804821547
CSRP1,0.321320951198583,0.0063286941728534
NME2,0.212682673213345,0.00634383055387376
ACTC1,0.324731530540502,0.00637879885227235
ACOT7,0.367166569727023,0.00643415190092322
SMARCC2,-0.376258521442698,0.00644632502005311
HSPH1,-0.237973406756831,0.00646857957158188
EIF3H,-0.903560741781634,0.00663303665309067
ITGB3,0.333910232890291,0.00664990085802084
OCIAD1,-0.224209423150211,0.00673323213377013
MICU2,0.285033624666311,0.00687489674310519
TMEM63A,0.313065529087237,0.00691167090218895
PCDHGA8,-0.3496158798814,0.00699795183104814
EIF3A,-0.204402578077184,0.00708377414726464
ANKFY1,-0.39330040807481,0.00708414829839874
DTYMK,-0.210751450888358,0.00714525403251946
LRP1,-0.301646985351835,0.00714547938476436
TXNDC12,-0.228448082009732,0.00724179998111587
RPS26,-0.389278525126289,0.00726143130311125
SSR1,-0.279586697004826,0.00726335933266881
TAP2,-0.251754090209385,0.00726926155289081
IGBP1,-0.256114510161041,0.00737868205298695
VPS13C,-0.35094600655512,0.00745985334972199
DNAJA1,-0.260400849309366,0.00747762550525085
HUWE1,-0.227157202051452,0.00748350228163906
NARS1,-0.254075598913978,0.00757971102366064
BET1,0.299010596642814,0.00773733280052902
CYB561D2,-0.315624270629677,0.00777137954767144
MARCKSL1,-0.840332221126774,0.00777916303046545
GRN,-0.44334994429575,0.00782913264612715
ATP6V1G1,-0.294619553945711,0.00784623661303012
AIP,-0.225701243305247,0.00785047038172183
SND1,-0.216113533989345,0.00785700667026719
SELENOF,-0.21218928045596,0.00791813201225447
EIF3L,-0.304470260764711,0.00798769570547002
COX6C,-0.241152633764897,0.00814985431917942
HEBP1,-0.377762362557843,0.00819901672475247
GCN1,-0.243582780312206,0.00830393617143992
ABCF1,-0.230243403824444,0.00833692404181285
BANF1,-0.311706900846676,0.00844305571768562
SRM,-0.362010327101738,0.00845119721863169
UAP1L1,-0.401877475517678,0.00852793951500803
CLTB,-0.285516280094045,0.00869006012521632
ILF2,-0.394288898407272,0.00871337776810746
FCGR2A,-0.267082211989488,0.00877869548501758
SQOR,-0.228580791005083,0.00878339466496613
APBB1IP,-0.470133730213484,0.0088282219105023
PCBP2,-0.259214926776666,0.00884733868529021
RANBP2,-0.250963968125554,0.00884751906928908
ROMO1,-0.374181871997457,0.0088867481429422
PRDX2,-0.234881367370058,0.0089952720632135
MPL,0.3206342464363,0.00902189904552473
APOE,-0.310139228402986,0.00916405727115127
ANXA3,0.216678630077477,0.00917635275910232
QARS1,-0.208161657698036,0.00920227455489457
VAMP8,-0.251271084607822,0.00940467624348231
RHOT2,-0.268664356854663,0.00941833851829026
RUVBL2,-0.271711073888281,0.00960819360922887
LGI2,-5.8569978042083,0.00968956723978644
B2M,-0.226412867319191,0.00973241790039279
MAML2,-0.289378802569735,0.0098056740672654
PTTG1IP,0.279892408455303,0.00983741363598844
SAT2,-0.325898694604024,0.00983910427641521
MCU,0.218548427190326,0.00987545486473682
ARHGDIB,-0.213534192620566,0.00999598972074536
DLAT,-0.221496062874087,0.0101019058043872
TKT,-0.436528866911807,0.0101453440474364
CCS,0.261855321166583,0.0101831924823605
NA,-0.752686296738649,0.0102630628008996
GSTM2,0.301179365285465,0.010275207525355
RPL19,-0.440963224339103,0.0103098470851604
HSPA1A,-0.298778429895709,0.0103128182810093
PLD3,-0.412747409845121,0.0103157682062575
SF1,-0.335871424119099,0.0103860150024209
COX7C,-0.357513244794454,0.01040287769919
PSMD2,-0.276771310060752,0.0104374038276575
EIF3F,-0.218182177826797,0.0104416178067246
SLIRP,-0.235621685731754,0.0105119920813686
YBX1,-0.549619942869057,0.0105392037270105
HLA-C,-0.19822574004218,0.0105601779481154
IL1B,-0.298822236563867,0.0105976064239638
MTHFD1,-0.196058930838821,0.0108000718070427
DAAM1,0.440636727482349,0.01090603642749
TIMP1,0.259955562432126,0.01092799155597
CRKL,0.21415027118243,0.0109918746989219
MAP2K1,-0.318276612811701,0.0110762817267324
DPYD,-0.201251435786607,0.0111106676739604
NID2,0.250688727812211,0.0112451310381783
EEF1D,-0.225716505176475,0.0113159427023661
RAB13,-0.267493823721342,0.0113810372828468
ARL8B,-0.213211256486393,0.0113935962642188
COX4I1,-0.200610016300779,0.0114765080494706
CELF2,-0.219825882081293,0.011749253209304
TUBAL3,0.314490955751001,0.01174966752658
CD163,-0.440539101235762,0.0117595827874896
LRPAP1,-0.362609492326008,0.0118093668964456
RPS15,-0.513429159531039,0.0118171435521269
AKR1A1,-0.259553217244819,0.0121050250531043
VAT1,-0.377994589793674,0.012152111686953
DENR,-0.204607954200029,0.0123174686990145
C19orf33,-0.287548960144518,0.0125683573525349
PDE1A,0.307096028956388,0.0125896211649233
MYH10,0.222281591260397,0.0126619189378301
MYOF,-0.242753931560259,0.0127831189621673
IDH3A,-0.284338905446238,0.0128463161655163
PTMA,-0.713301562204784,0.0128982985750702
SDCBP,-0.294885698710996,0.013004827249677
TAF15,-0.666418627794904,0.0130461149565954
RPL22,-0.276391217631518,0.0130812287711261
CERS2,0.21766658820748,0.0132147366147509
SCP2,-0.245145043185487,0.013268421507374
ARHGAP4,-0.200120294141918,0.0133338772599398
RAP1GAP2,0.163433273151679,0.0134051314161206
PSMD6,-0.178084629983763,0.013409600318621
APOBR,-0.334166361089875,0.0134296395980867
APOA2,-0.77218969718148,0.0134569940616762
CD55,0.342073248438691,0.0134672600412201
RAB6B,0.170428235592461,0.0135728648710543
EPHX1,-0.259454534098602,0.0137468641722171
PECAM1,0.218604833460092,0.0137529515272861
ACAP2,-0.2618884339336,0.0137757765591377
FH,-0.268607689823528,0.0138423409883844
RANBP1,-0.263334756228558,0.0138783213757311
UCHL5,-0.198193111651685,0.0139234713007251
NAP1L4,0.171243510310641,0.0139680666265184
TOM1L2,0.17733615932029,0.0140228219789785
RPS15A,-0.269662815488545,0.0141150091708459
GAA,-0.286556327050829,0.014383891287345
PSMD3,-0.270335135800619,0.0146782665820279
ARHGAP17,-0.192076371997406,0.0147961392991072
RPL37A,-0.356455281260401,0.0148576826034245
PA2G4,-0.220295863624327,0.0149413317817417
MICAL1,-0.298346874913113,0.0150484700108279
CHMP5,-0.284936113395654,0.0151647409545171
PAK2,-0.217753132358968,0.0151874644938162
SERPINB10,-0.283019052697735,0.0151933106956225
MRVI1,-0.179591352882125,0.0152501984030512
CBFB,-0.270135000526038,0.0152873666664105
H2AC21,-0.376718518539665,0.0153266634893223
ANXA5,-0.370387548387214,0.0153943439344344
PGRMC1,0.262338366793944,0.0155541832113492
MRPS26,-0.259292331115335,0.0156871016105127
TPM4,0.25503639838652,0.0157238015495299
EHBP1L1,-0.21434846054961,0.0158061050217452
RPS6KA3,-0.238447177007153,0.015851245937238
IFI30,-0.476727455347924,0.0162074607702674
NCKAP1L,-0.200942619670759,0.0163063847915472
CD9,0.277210821429233,0.0164017794754006
CORO1C,0.233478212891716,0.0164715973708632
COX2,-0.20386120207906,0.0165521803559893
WAPL,0.243274474062086,0.0169329502528823
PRPF40A,-0.420228820747332,0.017034048102245
ATCAY,-0.304424388347771,0.0172659608249177
ATP6V0D1,-0.217144344394712,0.017332451328573
VCPIP1,-0.287556782917786,0.0174939691592393
STK24,0.198457681727484,0.0175285647576422
TGFB1,0.228702131752353,0.0176665950907755
CHMP1B,-0.250980222230828,0.017752371050318
SLC9A3R1,-0.187161886156239,0.0180950302367281
LTBP1,0.276481816113376,0.0182217564886614
ARCN1,-0.223860828670179,0.0183336276824713
SNX2,-0.183508999496447,0.0184811111945516
PSMD12,-0.239988757735329,0.0184929792768079
VCL,0.344169275727267,0.0185462404410295
PSME1,-0.238172286938512,0.0188026160816696
PFKL,-0.195530131272671,0.0188687089699052
GPNMB,-0.578477987887712,0.0189229535061313
RNF13,-0.553874634275491,0.0189595463658404
SCRN1,-0.209470817011747,0.0189904631910916
SQSTM1,-0.347819150843271,0.0190755144843168
ERP29,-0.205417891870008,0.019205676020395
PARVB,0.320270492709892,0.0193205506442158
DBT,0.345672101666594,0.0194956583387681
SNX3,-0.203476809103391,0.019677430577057
SERBP1,-0.448251281880206,0.0198491174659686
VARS1,-0.236312314682692,0.0198666268601316
LARS1,-0.256135250122682,0.0200181194539996
SRP54,-0.260757022869428,0.0201174995632532
SUN2,-0.359383924832616,0.0202029393541335
UBXN4,-0.207276555173154,0.020334197944613
PNKD,-0.198164652639116,0.0203898728651796
TNS3,-0.241515134840135,0.0208307110510769
NT5C2,-0.210539799886422,0.0208382334412056
AK3,0.229491149107901,0.0208681198442006
RPL34,-0.265959669373213,0.0210061884161135
TPT1,-0.235506657328001,0.021131020899357
FIS1,-0.372996244570044,0.0211661512540605
RPS27L,-0.375843202536734,0.0212016581407946
UQCRQ,-0.193117128694525,0.0212156544808765
PCK2,-0.23626924043001,0.0212500062032742
SHOC1,-0.617759021160171,0.0217928836255952
PLIN3,-0.342402556753324,0.021844533613473
PSMD5,-0.198504024534447,0.0219107134118352
ARHGAP45,-0.190458272140812,0.0220239661564621
ERP44,-0.155737302431317,0.0220337791829785
XPO1,-0.224600436232779,0.0221341775434896
EIF5B,-0.266525080735332,0.0222890357002078
PFN1,0.160353139391532,0.0223314689150575
PDLIM5,0.224028685158439,0.0223445896630207
TAGLN2,0.226793132947367,0.0224771882115484
ERLIN2,-0.171553633976953,0.0227478849531843
ASAH1,-0.333653797092419,0.0227510668947817
MVP,-0.19423056663861,0.022841287029021
VPS29,-0.257532712471371,0.0229235061063242
U2AF2,-0.255434225082307,0.0232144286820432
CIAO2A,-0.203630061746752,0.0233630570187627
UCHL3,-0.164061998265023,0.0233987929784392
ATP5MPL,-0.203216433772257,0.0236368023352172
SRP14,-0.21444338470126,0.0237715884302105
NUCB1,-0.213635140715881,0.0238424703379275
SUCLG1,-0.376243177032147,0.0239362747832528
PLPBP,-0.272519977948211,0.0239371008937169
RSU1,0.241261671309415,0.0240120083677305
NIPSNAP2,-0.189498192760725,0.0240160467511227
BZW1,-0.271778179596154,0.0240376487357552
SSR3,-0.3368347430052,0.0241844230729383
ACADSB,-0.199135172209452,0.024445153320511
CSTB,-0.276693061479382,0.0245522982645806
G6PD,-0.206527733773138,0.0246495423135166
PGM2,0.225884962081819,0.0248981616406549
ADPGK,-0.219523732820638,0.0257368666522536
HSPA9,-0.192480409714666,0.0257435569375427
SCARB2,-0.27297982078848,0.0257570012085675
RASA1,-0.185741838444451,0.0257925914586282
COL9A1,0.503655185543607,0.0258212396916666
HLA-F,-0.344645605606641,0.0259643611467007
HSP90AA1,-0.159456345201263,0.0260532195825559
RACK1,-0.233332853448948,0.0261715198096517
YWHAE,0.191518732410772,0.026391010751907
MAPK1,-0.168565320835305,0.0264975143854598
CHMP1A,-0.245508489825429,0.0265122292534325
MAP2K2,-0.227697941750588,0.0267942447375988
CTPS2,-0.195606972291507,0.0269228608773013
UGP2,0.187187821644039,0.0269648409168321
GOLT1B,0.188684965417695,0.0270511368270829
GSTK1,-0.25397661335939,0.0271153872385212
AHCY,-0.183308824577559,0.0271937686534943
SERPINB6,0.221427907971451,0.0273622408921936
ATP6V1F,-0.232530753015422,0.0275491097421568
AAAS,-0.362661994172879,0.0276084938766138
ETFB,-0.187075958233356,0.027663463648174
SLC25A24,-0.168302220005798,0.0277652532948532
CNOT1,-0.376584838207217,0.0277821888384171
DDT,-0.225264841200112,0.0278693328058978
SYK,-0.20843172809084,0.0279203295111747
ANXA11,-0.158657178398298,0.0282853846702475
RIC8A,-0.216817045742186,0.0287478155776391
MYL12A,0.238181909319068,0.0290808277158081
CALD1,0.195667474252402,0.0291676365459539
FKBP3,-0.221840883681079,0.0291685079013226
ITGB5,0.156706664944036,0.0292378553596978
LRRC59,-0.147811518772529,0.0293440407708762
PCNP,-0.289002379688405,0.0293670196074126
SETD3,-0.357867329626795,0.0294725053132
NADSYN1,-0.162138532052755,0.0297883134196666
CSK,-0.179590393423426,0.0298041048847363
CYB5B,0.196299814614943,0.0298405088899966
YIPF3,-0.210355870261786,0.0298422715007198
ZC3HAV1,-0.196665950254362,0.0300405832006859
ANXA4,-0.252367887227425,0.0300650615696077
PRPF19,-0.189448282498006,0.0300847541022355
PDCD6IP,-0.168110912011203,0.0301061613470851
NA,-0.140629428022132,0.0304559502214399
DHX15,-0.212636633110203,0.0305646380556908
RPL23,-0.288096397396421,0.0306619470227596
GMFG,-0.218274340427183,0.0307272849585947
TBK1,-0.219013085115262,0.0308659481308424
NCLN,-0.19034832223991,0.0310360530067174
ZYX,0.193094539388584,0.0313291811859588
ACSL4,-0.191527479360941,0.0313817530007828
RGS10,0.167377727199258,0.0315285454932753
TMED7,-0.188628862364273,0.0315750025245425
COMT,-0.225054466236794,0.0316524642317967
MRC1,-0.512964084409062,0.0318085854802274
MYH3,0.227079829059765,0.0318647886344256
FKBP1A,-0.201043974816717,0.0321679780301302
FN1,0.172539200332216,0.033008775523617
ECH1,-0.158409236730715,0.0330600810885904
PRKCSH,-0.174935553244632,0.0331847243540365
SEC62,-0.185751239503915,0.0333127604952381
NCEH1,-0.289699021277638,0.0333248953322403
FN3KRP,-0.206120505664686,0.0343090222226241
MYH9,0.221208248096236,0.0346999794454804
COPB2,-0.18838964082188,0.0347974381680812
EPB41L3,-0.316789296006544,0.0348695170924195
CLASP1,-0.210037139732901,0.035025275256521
ALDOA,0.186561273206056,0.0355041324817674
DPP3,0.187991604901138,0.0358354447524937
CORO1A,-0.177619223736033,0.0358537046687155
CTSB,-0.408215733177687,0.0358695905829974
COTL1,-0.184032779386545,0.0360582271702057
COPA,-0.17976259787822,0.0362756506801636
PADI4,-0.251386740983316,0.0362828243791339
LGMN,-0.459367759756951,0.0366026739420319
FXR1,-0.235776356999159,0.0368804943754231
PTK2B,-0.199766936644687,0.0370264082317146
VPS26C,-0.263758888789308,0.0371343767113069
HINT1,-0.197093913396645,0.0371613795617227
PTPN6,-0.16919662660047,0.0373072753362432
APOB,-0.218973998510657,0.0374801797552147
VPS4B,-0.191793269924532,0.0384586897639754
NRBP1,0.178475771075259,0.0386868829666038
PSMD7,-0.15354302403026,0.0389617990706751
MGAT1,-0.246466076773155,0.0393146489079877
DCTN4,-0.190839840938065,0.0393252073512914
POTEE,0.333034751984071,0.0394900117755597
ENDOD1,0.165386385114609,0.0395365502694261
GNG11,0.23436784583649,0.0398535575168179
NDUFA7,-0.159362554446875,0.0403766974864431
AP3B1,-0.138780996469362,0.0404645220307844
COPB1,-0.1668941603462,0.0405833039155081
STIP1,-0.147643687839545,0.0407764521886871
EIF3B,-0.475544722338307,0.0407820336065017
OPA1,-0.162370362655258,0.0412070719254195
TPP1,-0.171192196140383,0.0414842247458311
HDAC6,-0.268491934053774,0.0419460915031393
SEPTIN9,-0.157629362059628,0.0419497769435633
TRAPPC3,-0.151622028968174,0.0419628796127024
EHD3,0.202432046137494,0.0420214072013392
ADGRE5,-0.239615686820606,0.0421070141152497
UBE2D3,-0.165842516007925,0.0422295457301821
APP,0.156849270291088,0.0426373811556977
PSMD14,-0.242085081966934,0.0427387252914562
EML4,-0.231944620445732,0.0430473199173747
RAB7A,-0.129570804814493,0.0431239832577791
ACSF3,-0.456367485300869,0.0434710208666716
FAT3,-0.28422501459638,0.0434910480929597
LAMTOR1,-0.170335073329168,0.0435430087918621
DHRS4,-0.224558385953485,0.0436661641935048
SOAT1,-0.176930877341688,0.0437720297171661
QKI,-0.32467065276088,0.0438965065053255
PRRC1,-0.180069900109441,0.0441558018457934
CBL,-0.195733893107913,0.0442321399557551
SNX18,-0.254127491090186,0.0443685298282156
PNP,0.157284449112729,0.0444744192934907
NSDHL,0.237260373352087,0.0445342650141776
PDLIM7,0.197602162458334,0.0454040711587158
ATP6V1B2,-0.154772184572619,0.0455072972810645
GGH,-0.239273533164427,0.0456315773491283
IRGQ,-0.187332584633914,0.0458920612612546
COPG1,-0.191965193943477,0.0459263761917753
MRPS36,-0.191609889502757,0.0460104864264708
MARCKS,-0.612577860509713,0.0461559584220785
ATP6V1A,-0.14008949792843,0.0462432700390858
DBN1,0.206000473152652,0.0472834306528356
MAT2A,-0.209198295183567,0.0473221316567395
ARHGAP25,-0.193371291317464,0.0475831706881838
LTA4H,-0.232473472321299,0.0476293559617367
LMF1,-0.190445507606688,0.0478305963809789
LAP3,-0.169433177709129,0.0478433662205445
MSRA,-0.219208426056837,0.0479597529297326
GSS,0.158234286732428,0.0484430083338848
STX12,-0.270034513160826,0.0485735134809241
CYP27A1,-0.286723134359228,0.0488410929577238
VPS11,-0.271164001531537,0.0488771469600767
LRRFIP2,0.247740253401993,0.0492154321272679
NSF,-0.169714834102859,0.0493597922677426
TPD52L2,-0.239009039370931,0.0495654203973571
HDHD2,0.185161741053091,0.0497000321248425
PRKCD,-0.164454897224332,0.0500553854121071
PDCD6,-0.134665650784639,0.0506080185413554
CDC37,-0.151125987280788,0.0507641949277853
ZZEF1,-0.137734903300236,0.0508446046290625
ACO2,-0.221964290802693,0.0513933306554504
F13A1,0.218125280765321,0.0514537431780533
GCDH,-0.153681249155468,0.0514978757475295
WAS,-0.195009953239661,0.0515529898552826
TM9SF4,-0.296380603916764,0.0522290423029861
AK1,0.153516836853659,0.0527651871449688
NOMO2,-0.156687684805997,0.0527988984427554
SEPTIN7,0.16318077956505,0.053066810356722
TSHZ3,-0.289049457624907,0.0532995779041306
STIM1,0.152702981936424,0.0534021880744008
ASMTL,-0.250143472824963,0.0535225958407475
DECR1,-0.157523295116543,0.0543813737884123
SNX6,-0.163196364148171,0.0550782366251059
FABP5,-0.301318294546689,0.0553137951077454
NUCB2,0.128283737984536,0.0553195221780551
KRT1,-0.403681992867579,0.0555855941417575
EFTUD2,-0.176999393356871,0.0561157856504977
EIF5A,-0.172621177184477,0.0565387053052294
TSTD1,0.162818895548658,0.0565891484834552
C15orf48,-0.29235597717138,0.0567804410905763
HEXA,-0.267093919684538,0.0575244058588132
ECE1,0.165782200300353,0.0575538227887038
STAT3,-0.145822522603694,0.0576382176203026
LACTB,0.155536896158187,0.0577533781690006
UTRN,-0.137771973583795,0.0577535230879216
NDE1,-0.346726290142291,0.0586806001733231
RETREG3,0.208880763135946,0.0587373242553542
NDUFV1,-0.168249369869387,0.0589671003133073
ITGAV,0.142361358515026,0.0589754111422576
PTGS1,0.174018349329598,0.0590799520548752
CASC1,-0.276816668992948,0.0591850997529172
ZC3HAV1L,-0.215693409350125,0.0593513650293875
DYNLL1,-0.171170347348891,0.0593526854168522
PSMC5,-0.154507942852985,0.0599075656684628
PTPN1,-0.223230275059185,0.0600848424960598
UQCRH,-0.138896176020061,0.0610475977532041
ITGA6,0.151017996421661,0.0610522356297226
AASDHPPT,-0.183123013616769,0.0616101136713565
CHMP4B,-0.182830481966663,0.0621485305218272
COX7A2,-0.167780051258359,0.0623004190475986
SLC25A5,-0.156765229390003,0.0631195777758812
AMPD2,0.148402038774724,0.0633759248225658
KIF5B,-0.148545333351592,0.0636618144961058
SMS,-0.123594162048151,0.0637184257550651
TXNDC17,-0.181597107280084,0.0637692243387413
GP6,0.140888008793672,0.0639207816343535
SPG21,-0.280494739189555,0.0639971827768901
HNMT,-0.230532737585992,0.0641381945066153
GNS,-0.382500142903768,0.064383972372601
EIF2S1,-0.142736518242674,0.0647898622072495
VPS35,-0.177852617201459,0.0648765700286116
KCNAB2,-0.256011377800938,0.0649151122892461
HSPE1,-0.149464562662658,0.0652571387634104
CALU,0.181537285789645,0.0652642917978837
TNPO2,-0.187800716353374,0.0652817507297401
AKT1,-0.214324065835911,0.0653393631763688
RDX,-0.189317590359162,0.0654370509019902
NEDD8,-0.172370299500286,0.0655761760302416
NA,0.456812099825841,0.0656313314025501
MYCBP,-0.187944879598521,0.0658258035499354
HEXB,-0.227093490134772,0.0660028708362056
APOC3,-0.455825436266755,0.0660715243015738
EIF2S2,-0.213715470311846,0.0661602291624935
CPNE3,-0.232021243063271,0.0665244128272858
GNAQ,0.173815182560593,0.0665544921613191
MAGT1,-0.138503979006998,0.0666766130935292
CCDC68,-0.238400477851058,0.066765206635133
HDLBP,-0.182001358074801,0.0670053437811649
ANXA7,-0.126910571897409,0.0671117297379872
ARHGDIA,-0.183611755624811,0.0673592185673622
RUVBL1,-0.16872016877763,0.0679053366112243
LRRC47,-0.150616080018055,0.0680556827201199
PLEK,0.257525470439779,0.0680961094400838
PSMB3,-0.145837073286361,0.0681860393344174
CTSL,-0.442076371148617,0.0686186945888092
NAA15,-0.250369779284004,0.0689351040424095
TOR4A,-0.167648032372274,0.0689985781103576
HSD17B4,-0.149504909049035,0.0691149970433743
FAM50A,-0.228762689278888,0.0696713657241591
EDC3,-0.243771966634376,0.0701116749876471
FKBP2,-0.155862334864107,0.0701150279459891
RAB5A,-0.118628342817235,0.0702857339559903
RAB5C,-0.110610030042993,0.0706562919188621
RBM3,-0.230024278044205,0.0708377072070503
PLAUR,-0.229379929502179,0.0715281469095912
IVD,-0.178287915743431,0.0715488900662354
ATP1B3,-0.166128080807596,0.0718292073521457
C20orf27,-0.151395406511344,0.0719085792499657
DNASE2,-0.307321196909564,0.0723860483638181
NACA,-0.318021756225484,0.0724401162592063
DPP7,-0.186535661137645,0.0730198423942005
CTTN,0.161825179942727,0.0731496933337706
GMPPB,-0.193106443418947,0.0738387361427597
ACTR3,0.149041404137029,0.0738536296273053
KPNA3,-0.185500407903029,0.0751862291087339
GPX1,-0.18135620038156,0.0753979199209015
PRKAR2A,-0.141815901939412,0.0756279047959219
CD63,-0.238673795981883,0.0757021353967435
GPX4,-0.162549550515943,0.0760495534156544
ZNF780B,-0.502779782775831,0.0760544401650001
ABHD12,-0.178033568963936,0.0761387886971832
DDX19B,-0.169992735076858,0.0768813147253717
TLN2,0.191037669101388,0.0774221412406231
LONP1,-0.249763526162555,0.0774234810953693
SH3GL1,0.188419241233586,0.0778195613861078
SRPRB,-0.172651220648754,0.0778759600357462
CLINT1,-0.132971755559119,0.0780273295959091
LGALS3,-0.356614380754093,0.0780442555676169
VBP1,0.142152354473397,0.0781734794478658
PYGL,0.142438358956228,0.0783991068357385
DMTN,0.139814265331868,0.078455363997578
EIF3J,-0.189514955558594,0.0784897361100224
ARMC10,-0.179199760442218,0.0787801668888323
VPS33B,-0.227280237655387,0.0788093441142298
PIK3CG,-0.136291599744811,0.0789968818416424
HSPA13,-0.224946812362959,0.0790493124213791
CIAO1,-0.194447973491061,0.0791077203764706
NDUFB3,0.171138328482515,0.079518297491002
TUBB1,0.181453906401765,0.0795448133976055
DNM1L,0.156320097217255,0.0797425294878777
RAB21,-0.167977602759223,0.0799021925855852
COL6A3,-0.314329951444259,0.0799059376132063
PACS1,-0.119802705430263,0.0802264389384013
MMAB,-0.219612321604238,0.080854702727718
SNX1,-0.194630852110799,0.0810275624803637
WASHC2A,-0.190220571440821,0.081057436459889
CUL5,-0.315830428407971,0.0814670869773979
EIF3K,0.165100920122825,0.0819844252558081
SLFN14,0.185774249666355,0.0822471880273909
NECAP2,-0.232778149260087,0.082592698025075
AGFG1,-0.18878185040716,0.082790689046586
SH3GLB1,-0.119010161713493,0.0834569053666965
RAB3GAP2,-0.15533557209599,0.0834957529433337
TBC1D2,-0.233651274949507,0.083797244137216
CTSD,-0.380708646457105,0.0838797327119251
ESD,-0.174609757953312,0.0840390045671016
USO1,-0.162667659660566,0.0842369834358765
GSTP1,-0.141056615919264,0.0847986724417427
CPT1B,0.231261927545297,0.0850725974147395
ARPC4,0.114269932040375,0.0851316724408315
HM13,-0.192661016567836,0.0851365770070051
STX4,-0.183767659844406,0.0855237962739392
VNN2,-0.199214647920756,0.0856485562463884
MPI,-0.203458500779097,0.0857370445361977
COPS2,0.154881646350438,0.0862842291839968
ATP1A1,-0.122575488679975,0.0864140675212701
RBBP4,-0.24363836768454,0.0864425077437224
ATP5MD,-0.162520488401747,0.0867636357308048
TLN1,0.210195308594028,0.0869284050070677
ILK,0.230217043834577,0.0878511561071818
FAM160B1,-0.236474992471676,0.0882500856852582
NUDC,-0.228145554610913,0.0887483112045725
CDA,-0.21473567406876,0.0887968221108951
REEP5,-0.280567285424322,0.0889583263317727
CD180,-0.211278491200242,0.0889773852984817
PON1,-0.322088928976871,0.0890370205895043
BROX,-0.169924575687928,0.0891972565860565
CALM1,-0.177557006969716,0.0902840914394575
CST7,-0.248366777479205,0.0903390476468071
TGFB1I1,0.16596738920173,0.0904270787972833
MIF,0.145502751881521,0.0905471199109545
ERAP1,0.143916821081576,0.090702882162286
TOM1,-0.303024221536545,0.0910948013686271
FERMT3,0.219981847235688,0.0917500728973095
HACD4,0.213089654346908,0.0919118904816681
AGPS,-0.189274186971864,0.0919938097545332
DNM2,-0.141070252768837,0.0920383020685011
SPTLC1,-0.14287035609424,0.0926052318164721
NAIP,-0.214858718672654,0.092623453001177
GRB2,-0.141146162516058,0.0926880408961158
CMTM5,0.157864182869182,0.0927048897703709
KPNB1,-0.132012945343031,0.0930783153322748
CNP,-0.117040504994647,0.0932988866493863
HMGCL,-0.158755976052091,0.0936689051893673
A2M,-0.279856937209272,0.0941592837189186
MYH14,0.207486120194036,0.0944191062897052
JAM3,0.287462096277269,0.09459112412556
PSMC6,-0.114112896737156,0.0949807714676967
DIAPH1,-0.131704118712579,0.0951326242533101
TALDO1,-0.188016110933726,0.0952785183337342
PSMC2,-0.132891263531849,0.0964408749366306
FKBP15,-0.207396277755394,0.097018718469499
ARPC5,0.132879032722519,0.0972529211239092
MRPL12,-0.136860322406954,0.0977063022897527
ABCE1,-0.11508466651184,0.0979055553628076
C17orf49,-0.160765418643346,0.0981259841339396
RAP1B,0.238453902214599,0.0985266367339218
RHOA,-0.135460966824187,0.0985676001982005
RGS19,0.151767276376498,0.0986099039358704
SDHA,-0.183635233575413,0.0986492468394588
MBD5,0.371863974063333,0.0990510299781787
ACOT9,-0.130217672613544,0.0997446730730992
TNPO1,-0.164686915158256,0.10012811059169
ACTN4,0.121830923736692,0.100387951799889
MAP1S,-0.156241233849063,0.100477760957177
SLMAP,0.117482979590176,0.100990281906424
ECHDC1,-0.223350881683087,0.10216428504597
PPP2R1A,-0.120140555319699,0.102340788842768
PPP6C,-0.138636055045115,0.102500295237188
GART,-0.134638768867937,0.10299615168404
AP3D1,-0.214760531006581,0.103685712036418
AP2S1,-0.148012992806101,0.103720857711502
FYB1,0.12895861797455,0.10377916449366
PSMC4,-0.161550825692335,0.104995195030002
RHOF,0.148984084780918,0.105898713905763
VPS4A,-0.114613260379065,0.105935820991047
ATP2A3,0.154862365422756,0.107255843882869
FLOT2,0.113930035312204,0.107454812575
ATP5PB,-0.128421276571518,0.107602489831479
ARG1,-0.19038011023093,0.107947574459256
ARSA,-0.169363781791107,0.10797382152565
OXCT1,0.159111211197137,0.108019710346928
LDHA,0.118191918663206,0.109688633114656
PRDX3,-0.121397041873582,0.109706771134053
NEXN,0.13296738116391,0.109809695853625
UBE2Z,-0.165977372495353,0.11020631953183
PLXNB2,-0.168756585927783,0.110744505711883
MYH11,0.254029502189497,0.11078935199073
VTI1B,-0.157491688686754,0.111184571903724
EIF4B,-0.21761711753745,0.111219949238107
SEC13,-0.13470191581947,0.111393411182602
ATP6,-0.173469588505986,0.111471995966206
MCCC2,-0.172925911763431,0.112422436849477
COASY,-0.138156741788238,0.113057612725766
DSTN,0.141846431476402,0.113701447668278
NAXE,0.167062503709215,0.113839609289078
EML3,-0.129082433929828,0.115491328685198
RNASE3,-0.136002653567234,0.118217032975098
CARS2,-0.135800083220428,0.118322143953427
GSR,0.160715245731651,0.119005072327608
SEPTIN11,0.103525880020174,0.120165304675773
GLRX3,-0.118417623725015,0.121273897591445
C2orf88,0.1240140267386,0.121522375881572
YARS1,-0.120363645067782,0.122428965587763
MOB1B,-0.123383037550984,0.122688366923303
ATXN10,-0.177955024214808,0.124015764401952
PRKAR1A,0.0980030657998719,0.124495721369445
BAX,0.162415215080516,0.124530192297072
TTR,0.201882128732746,0.124696020499982
CAPZA2,0.112262788852377,0.124755865531885
EIF3CL,-0.185086570275188,0.124799231450024
SRI,-0.110597030132793,0.124903856116987
ELMOD2,-0.163695390071131,0.125255601841722
P4HB,-0.109775469524788,0.125577390621514
PSMD9,-0.199898797175273,0.125797305154266
SHMT2,-0.122939709137551,0.126117948991812
MINDY3,-0.192228523991487,0.126752355284641
EPB41,0.154316021059082,0.126990654030798
COPS5,-0.119062800410102,0.127865546828769
DNAJA3,-0.179561075317623,0.128309751084155
NEK9,-0.114982290815524,0.128883080209215
TTYH3,0.15406794507643,0.129086799619889
FLNA,0.169169566820696,0.129703654006149
VPS53,-0.13697960559832,0.130023623738643
UBE2K,0.128737363000844,0.130499463253614
METTL7A,-0.139614004166088,0.130684358755614
MACF1,-0.129778848234961,0.13103328483189
PPP1CA,-0.161532371759533,0.131808152475414
ARHGAP1,0.126932633524053,0.131981632970284
TUBGCP2,-0.152752521831341,0.132564164453318
CASP3,0.135805481525869,0.132578039605542
CHORDC1,-0.196335918421894,0.13261665922876
ARPC2,0.118512864488742,0.133133115056205
ATOX1,-0.145915146419455,0.13376151245554
SCCPDH,-0.128897567167531,0.133821423970153
APPL1,-0.108711253592825,0.134021872061279
BCAP29,0.147422855750955,0.134464022223976
CFB,0.365387748915064,0.135088424617446
NRGN,0.161137274534587,0.135144815134925
RTN1,-0.142661390768148,0.136508271233903
SON,-0.141987237836871,0.136585253575843
RAP2B,0.113871395504792,0.136798710906468
PDK3,-0.142283191266045,0.136870892448052
MPP1,-0.105861535011396,0.137380634452301
PPP1R14A,0.200070344485111,0.137932687090325
TUBA8,0.144214700148714,0.137988843620079
CPNE1,-0.134850219819061,0.138671291742429
HK1,0.121986309419115,0.13887151336217
PSMA6,-0.126384181814608,0.138953528357374
AARS1,-0.115170355634112,0.138969324049961
ASAP2,0.182431864194983,0.139037105462212
POTEJ,0.192379439245037,0.140948482047155
GRHPR,0.120842078268045,0.141757249252625
RAB9A,-0.10046572788189,0.141976277227715
TRMT112,-0.174703167917883,0.14242328538559
DYNC1LI1,-0.1565958946798,0.144069039225318
BCL2L1,0.161323553614496,0.144137202352312
SCPEP1,-0.166030585945934,0.144300431482332
EIF4H,-0.167002285964886,0.144755859438761
DAD1,-0.147160451867553,0.145386483610283
ECI2,-0.171091585322782,0.145899570083648
ICAM2,0.179240008336215,0.145920246620746
BLMH,-0.167712919544568,0.146170849101567
RAB3GAP1,-0.135843129230055,0.146333517806975
TBC1D10B,-0.221304317906142,0.147512132521034
MCTS1,0.160365500705865,0.148098959530947
RTCB,-0.111480863993977,0.148439742844916
ATIC,-0.0983525762255265,0.149048151415956
SLC25A11,0.112972062011155,0.149305151012557
SAA4,-0.292729808563776,0.149380440758974
PSMB2,-0.145198966850948,0.14971587598367
LCP2,0.112765298575169,0.150683559713832
PGK1,-0.108914463348911,0.151812162284985
RALB,0.108926949671984,0.151813229436595
ARAP1,-0.115913777077108,0.152143628103508
SCAMP2,-0.106659239159091,0.152438144037611
NA,-0.128794019371028,0.153222530911997
LMAN1,-0.0882683569879541,0.153573520380764
ACAT2,0.12549777047372,0.154520109671516
COPS6,0.171726170445802,0.155574013723022
HINT2,0.125215831914054,0.155706470765237
NDUFB11,-0.128511448013028,0.155953525415786
FCGR3A,-0.230884239242392,0.156000882681006
PRPSAP2,-0.116157400692996,0.156160170869382
PPM1F,0.128577114016436,0.156401144914422
CYB5R3,0.138420224908412,0.156696146891916
TRAF6,-0.20430595649452,0.156956918141259
ADGB,-0.2131467843638,0.157412857289036
VAPA,-0.102003210475787,0.157511127659171
BABAM1,-0.11827056016842,0.157657296589049
PLCG2,-0.126421698465546,0.158997421462589
DNAJC13,-0.162570238576154,0.160088660788392
PRAF2,0.121530131524483,0.160336691803356
USP7,-0.105611578278036,0.161353023094226
PGAM1,-0.14693452784858,0.161855071530166
GBA,-0.228974310631895,0.162619978993719
GLUL,-0.290463739973738,0.162729687287012
CRLF3,-0.105505754083962,0.163134233255049
ACTBL2,0.144707346246949,0.164599390303493
NDUFAB1,-0.181182737678497,0.164712446226819
COX5A,-0.130109241828064,0.166313161415482
GSPT1,-0.12506153667621,0.166417731341038
UQCRC1,-0.112138368011882,0.167231752669299
G3BP1,0.138871938676637,0.167252724547191
STRN4,0.131746657212617,0.16730818692503
UBA7,0.151175385274339,0.167629670821709
GNAZ,0.188744743599944,0.167729617938171
ALOX12,0.125800812932134,0.168501956096564
CCT8,-0.0914770962741812,0.169124866977067
EIF4G1,-0.114385842811723,0.169233029271973
TANGO2,0.13707220984418,0.16958359549463
STAT2,-0.165254115145486,0.169795499103651
COPE,-0.107802330693296,0.170170112027972
PPP2CB,-0.113246214903612,0.171011088015914
AHCYL2,-0.115088223950625,0.171123855927272
SLC25A6,-0.140912879855442,0.171642455022774
APOC2,-0.482344469558465,0.171660187280679
SLC25A1,-0.119871466842564,0.172059240379494
CNST,0.100348538764556,0.172630489290039
DDX21,-0.228527177276144,0.173118318477426
RPN1,-0.0892382783710973,0.173571943686469
IGF2R,-0.180455126035894,0.174092640396071
CHCHD3,-0.111558945404344,0.174703725321781
BRK1,0.138732902464646,0.175246248553396
SH3BGRL2,0.15455087267992,0.176486110748941
GTPBP1,-0.12273139917904,0.176725039886182
ACSL5,0.103581402849009,0.176783767042922
CYB5R1,-0.144477762569513,0.177293448833678
PLP2,-0.0923474800408678,0.177341407340397
VPS28,-0.147961985487937,0.177582238601463
TFRC,-0.186706904491608,0.178646650766124
FAH,0.114676067915751,0.179277743667125
CAPZB,0.109005652777437,0.179428748831244
SEL1L,0.179581394782708,0.179575096571622
SYTL4,0.140753319821656,0.180340558743363
SPAG9,-0.149933536974967,0.181096589950604
ABCB7,-0.203125255350018,0.181189237920215
GANAB,-0.0931019626694159,0.181309043621009
TGFBI,0.231036662012605,0.182565332900457
RAB18,-0.148061445975235,0.183144082538824
CAP1,0.0915622581221559,0.183301440261873
CLIP2,0.199328890869345,0.184628988467314
POFUT1,0.261324446475544,0.184700609487605
STRAP,-0.107731352728436,0.184784564913985
RAB32,0.116524306942169,0.185360955877342
OSBPL11,-0.154761690028149,0.185440572702205
NENF,0.139656813790768,0.185635211604897
UQCRB,-0.0871596700333938,0.186390651000229
TNFAIP2,-0.190096105694897,0.186423090035493
ACTR2,0.100077641956044,0.18703991233016
HYOU1,-0.113334054222203,0.187152472195023
TXNRD1,-0.133977927406232,0.187516627035581
THEM6,0.129157664847588,0.187770276705984
NME1,0.125105764343047,0.187917936138422
HBB,0.131291495779674,0.18794929148576
STX11,0.112402451710683,0.188075511526894
CORO1B,0.104184181150427,0.189168372668592
TMEM115,-0.206684545730768,0.189353164244609
STXBP3,0.0891106962420593,0.18977571548469
PYGB,0.11001825446416,0.190088967578625
TMX1,-0.0895420856076113,0.190169169264516
MTOR,-0.126561652341901,0.190325600333153
MAN2B1,-0.306910851232189,0.190407960392918
AP1S1,0.118024443611057,0.191787058017063
ETFA,-0.105700508313574,0.192278281484724
FANCD2,0.125356983702977,0.192947912236284
NA,0.139621822030848,0.192972805025567
ATP5MC1,-0.115953478042368,0.194658059927535
TXN2,0.142173324867655,0.194918922822635
MYCBP2,-0.125629296347967,0.195054156958555
PIK3CB,-0.243058689608242,0.195274850135165
WDR75,-0.229092092549867,0.195592467684557
ACOT1,-0.112034599410635,0.196321585977452
FEM1C,-0.231815378749425,0.196549136745063
FCER1G,0.110160438919313,0.196946941220972
MYO18A,-0.0960239215196523,0.197781282214215
KLC1,-0.138646106129761,0.198108202479319
APOOL,0.12786174495303,0.198112104853659
NDUFS8,-0.0992192332102061,0.198807403488125
CS,-0.113070597323715,0.198816990792687
DPM1,-0.106515678179685,0.199227803309129
PPM1B,-0.13384127132113,0.199344117560132
SNTB1,-0.128355571651316,0.199496863267401
ADGRB3,-0.261707398835645,0.199881033393008
DOCK5,-0.193813729301201,0.200435845217
RAB8A,-0.107397056623648,0.201009701191935
COPS3,0.0965689661542615,0.203082590750503
GNB2,-0.0906813813106039,0.203647634990248
ARHGAP42,-0.286781121011636,0.204397238980766
PSMD1,-0.111426002397702,0.205813267477084
SRC,0.12699934446776,0.205964853013091
PRPS2,-0.11820180439817,0.206298125271946
VPS26B,0.129909087834421,0.20692541041856
CRELD1,0.109886674412868,0.207294499949207
PPP1CB,-0.0920503626057146,0.207441792277679
NA,-0.418525234086391,0.208652634294691
NBEAL2,-0.103230340975236,0.208829401207465
SDHB,-0.0810441688523998,0.209027453370885
CLEC1B,0.10998738441602,0.209571004579966
TOMM6,-0.137816433942277,0.209934337706943
SFXN2,-0.149052334725427,0.210697910917896
RABGAP1,0.129174589073409,0.211994837786244
HSPA4,-0.0965652438859674,0.212368457004605
CXCL8,-0.120186727644068,0.213871406617703
ERI2,0.128656016084309,0.213888498571513
BCAT2,-0.103714140987523,0.213988718038327
EEF1B2,-0.10183775654002,0.214384040308705
COX5B,-0.117386108536412,0.214482451930994
CYC1,-0.0855992590174324,0.215607134935803
SOGA1,-0.194242391326575,0.216145511685967
PLBD2,-0.192305146559659,0.217031387805121
LIMS1,0.171141109064664,0.217320648731854
CAB39,-0.131492881201568,0.217327296788322
PNPT1,-0.094884713488175,0.217529408890917
PGM2L1,0.148042560195085,0.217650478066131
RAB8B,-0.123343701997818,0.21829531616173
MARS1,-0.0866353166417446,0.219381188239268
VWF,0.107239975008359,0.219445152003429
TWF2,-0.0814329751393012,0.219483066200001
IST1,-0.137614544560567,0.219516736981009
GDI2,-0.0928839665532199,0.21984313773989
NFKB1,-0.149867348939733,0.221852329346182
MYL6B,-0.141236572009475,0.224495738439732
NA,0.121441743281034,0.224567929090563
ABI1,0.0957660384072051,0.224809536527713
DUSP22,-0.125916007025546,0.225630773215046
SH3BGRL,-0.146431680119741,0.226747237504005
FASN,0.0942640180956436,0.227908718083356
PREX1,-0.145493921264779,0.228214068405945
UBQLN1,-0.124196666241513,0.228970646744015
AGL,0.125436775730999,0.229535236487925
CENPE,0.200423204650279,0.230459813132981
TMED2,-0.0946126328634319,0.230465033538572
DNAJC10,-0.120952480549928,0.231395063330769
LASP1,-0.0956701126762077,0.231877357174014
AASS,-0.43376147279224,0.232396685790063
NDUFB10,-0.0779023100534845,0.232943853055315
CSNK2B,-0.087793135134847,0.234061575161243
LETM1,-0.0797718408140348,0.234738001693732
EIF3D,-0.106217999548755,0.236234373802394
STK38,-0.0870720316764882,0.237132806294969
SPPL2A,-0.108006681864485,0.237617455684443
LRCH4,-0.107557555060519,0.238001966940455
APMAP,-0.0826388871212475,0.238798741857464
AFG3L2,0.413123071920245,0.2389888590132
ABHD10,-0.102315839011953,0.239286707035458
PDIA6,0.07647156381144,0.239541052238035
PPIB,-0.111726002438334,0.239720047902101
SCAMP3,-0.0985651264013752,0.244080932274685
BCR,0.203199763029117,0.244927991107702
CST3,-0.102019034791623,0.244947570763199
WARS1,-0.134296730864556,0.245627692966428
STAM,0.0978462908193652,0.246150007827079
NAPA,-0.0785785872196302,0.246426229140571
DHRS7,-0.113840325651956,0.246592957031017
SEPTIN6,0.0835500278677137,0.248404495850246
PSMA5,-0.10862812648184,0.248969731339231
RAB11FIP1,-0.190258744018765,0.248992723552586
ITGA5,-0.115371500892103,0.250290349357386
AIMP1,-0.160292616375823,0.250520804643964
UBE2N,-0.110456894863227,0.252750106893702
ARRB1,-0.0913881346024116,0.2529592945409
MSN,-0.107301651074727,0.253099006963922
RARS1,-0.109913046979009,0.253823591409473
ENTR1,-0.109577193877765,0.255814622161187
SFXN1,-0.0896474950109457,0.255927431312276
DYNC1I2,-0.109392995247368,0.256094009558264
DLST,-0.103964541680973,0.256732331083332
AIFM1,0.07552032294226,0.257012513886731
AKR1B1,-0.133314530712226,0.260079502191386
AP2M1,-0.0902239185396868,0.261132267192803
TUBA4A,0.138808785205157,0.261390618975686
DEGS1,-0.111298605600472,0.262034478052277
ALDH4A1,-0.113388470085396,0.262264447432024
DAGLB,-0.111299374186138,0.262469381817164
VTN,-0.1228620164689,0.263336959215648
SURF4,0.111469570469146,0.263547613389749
PFDN5,-0.106544414272701,0.263929706323274
APOA1,-0.392916317563432,0.264449277889195
HSD17B12,-0.0964431367635264,0.264958118979259
DNAJC3,-0.0902062991910142,0.267509748268442
DDOST,-0.0907302109723085,0.267798157583157
MFSD1,-0.0880532362721924,0.268315393799053
PSMD8,-0.113650890818758,0.269064454532865
CAPZA1,0.0759256863177759,0.269827176148557
FERMT2,0.167135820780461,0.270000369504936
WIPF1,-0.089276363329513,0.270425998780068
USP24,-0.178973890404802,0.271108084173103
TUBB2B,-0.13763586592384,0.271191687404824
CHID1,0.138867013942431,0.272851067926583
SERPINH1,0.106073735696241,0.273635755962657
TFG,0.0892231903136848,0.27472030785539
PMVK,-0.0982381222250122,0.27497889612018
TTN,-0.121465978387977,0.276330654003852
GBE1,-0.0742968925821778,0.27675201876426
DPYSL2,-0.0775496083589985,0.277888520508197
CD47,0.125077656053976,0.278471009753464
BZW2,-0.126439862451787,0.278629893396986
EXOC3L2,0.123340646084113,0.280565066626646
OGDH,-0.108463891392189,0.281285267570013
SUCLA2,-0.0802934400808164,0.282074076618684
NRDC,-0.137998883226662,0.282220055878745
HRG,0.163157785508604,0.282591325922856
LRCH1,-0.111664932972422,0.28347040480122
NSFL1C,-0.155527623208012,0.28377037135876
ATP8A1,0.10163834195706,0.283840653213367
APEH,0.080340549485473,0.284704212711843
PEPD,-0.161832853575722,0.285223489848484
ATE1,0.139041682000869,0.285346623153175
MYLK,0.111638684783786,0.286423234171121
CMTM6,0.0889096013546396,0.286449148746224
CCDC58,-0.150016407707263,0.286896495884997
HPCAL1,0.1103916968252,0.288006451987164
MPST,-0.144434319841358,0.290178938896635
FBP1,-0.111344986183446,0.290524855154438
CDC42,-0.10273466352405,0.291833675838572
FARSB,-0.0916277016684179,0.292436192654112
EPS15L1,0.163513686254563,0.292666628433432
AP1B1,-0.0798366597783136,0.293458935543961
WDR44,0.0730919258930719,0.293492800427878
APOH,0.140111416151729,0.294008638563466
CREG1,-0.10698813915943,0.294430197792059
ATP6V1D,-0.118459151188866,0.295458849185128
AP2A1,-0.0777787854638004,0.297681504926094
CPT2,-0.0814645612315273,0.298158415464465
CALCOCO1,0.102200166166087,0.299637021030398
SHOC2,-0.146477620593575,0.299859310943749
PPP1R12A,0.126788958496133,0.300312715250204
PPIF,0.0952977061106001,0.300582878369741
GLCE,-0.0945418274418666,0.301567105076944
RGS18,-0.132000435948162,0.302489542293263
SLC36A1,-0.115501568822392,0.304302946853256
WDR1,0.108665112699629,0.304432725163264
P2RX1,0.119393504616756,0.305600009636154
LPGAT1,0.108849456709662,0.305785507612184
PRKAR2B,-0.133715504946402,0.305807665685858
PSMA4,0.0746431443176817,0.30722473591003
C11orf54,-0.071242725505645,0.308537785461003
VDAC3,0.0827683250520812,0.30936996243083
TOMM70,-0.10714307833472,0.310071886903438
PEAR1,-0.0996980651096459,0.311266474698616
API5,-0.178897901033396,0.311535952127174
APOC1,-0.23978629698082,0.311848283325286
UBXN1,-0.128834002487051,0.312519100433564
CARS1,-0.0934023845649977,0.313116283412069
UBA6,-0.0872838057214439,0.313801708812035
PAFAH1B1,-0.109128974076844,0.313891341810278
SPTB,0.0690813347113984,0.314258017141939
AP2B1,-0.0711841180263869,0.315292590456867
SERPINB9,0.0679906364607271,0.316243813091097
RTN3,-0.0947815393292722,0.316540906136305
ARMC8,-0.0817620428271947,0.316687767904722
PSMD4,-0.108152958276549,0.318902857765715
CUTA,0.0718568088051164,0.318999320354463
PURA,0.108143057863886,0.321750757496031
NA,-0.0921939419383907,0.32377739877461
SLC16A3,-0.0856594408772043,0.32408498498746
PSTPIP2,0.0921621560605959,0.324747600989683
UBR1,-0.114374322532549,0.324903168975406
TMX4,-0.0890004166685363,0.325325478652141
LMAN2,-0.0683020199527282,0.326405731364676
B3GAT3,0.156596450505071,0.327532987364991
PRDX6,0.0720251605909849,0.330295177657704
UBA1,-0.0718428058022617,0.330510949392513
HDHD3,0.112282825089543,0.331145248246133
C4B,-0.109472773293086,0.33138186140146
ROCK2,0.0794264425753727,0.331858398722744
PRMT5,-0.0816546764588508,0.333523426911457
CD40,0.179043472765274,0.33373666424605
MTCH2,0.0808688066017561,0.334087130490577
TARDBP,-0.0826255042312878,0.335135590481967
NDUFA4,-0.112859917504902,0.335904963004492
LDAH,-0.165704099665215,0.336820556240597
LZIC,-0.121102545933304,0.337330028746677
PFDN6,0.135825815419729,0.338977010832707
VDAC1,0.0858435145473729,0.339033184092104
DYNC1LI2,0.184020240528723,0.340484175219878
ARL6IP1,-0.0868141349316952,0.34281418339623
EHD1,-0.0908732880080529,0.343767298477035
NA,0.0999059788159176,0.343852245752099
ATP4A,-0.110691138092841,0.344821725278927
LHPP,-0.122991321425201,0.345688303462421
DLD,-0.0702698158497322,0.345693431219719
PTPRJ,0.080762620044773,0.346706031338848
PPCS,0.0750534244654534,0.346765831081641
GLO1,0.0956428454043256,0.346804147176321
TSPAN9,0.0750269283899129,0.34706184831221
PLOD1,-0.110838234883722,0.347334315565778
UNC13D,0.0951322319775137,0.349056612146978
HEATR5B,0.101973794466737,0.349220529101592
TCP1,-0.0722461266351173,0.350067164304525
RAB5B,0.0603643281622602,0.35083559989722
ATAD3A,-0.0701980929027439,0.351118472286744
PRDX4,-0.0983885457265707,0.351228358634295
STK39,0.193241723049599,0.353128605083111
CCT7,-0.065859567691009,0.355462904995276
CRYZ,-0.0932647813425207,0.35572908546488
PICALM,-0.208076891176389,0.356098400393023
RHEB,-0.0932650331354921,0.357528059648648
TXN,-0.0946618073755337,0.357779875167505
LACC1,-0.175447336353791,0.358366393750402
PSMA2,0.0712860000736386,0.359049639499206
PSMB9,-0.0717668666694172,0.360950350710205
BLVRA,-0.0810343163808336,0.361419755282192
UBE2V1,-0.0753977104083828,0.36274457098629
TRIM58,0.101516548225522,0.364166332276102
PDIA4,0.0627325226526641,0.364361947206799
BSG,-0.0639558090084229,0.364861123065326
MDH2,-0.0677570850109981,0.365824241905841
CCT5,-0.0558600385857012,0.36592572475819
ERLIN1,-0.108741396761867,0.366583296985831
TMOD3,0.0651665160960041,0.367100534150461
STK26,-0.0797649885044075,0.367527523187084
IDH2,-0.124935394292281,0.368918836603768
TST,-0.156105207892556,0.369866570622001
MON2,-0.158948424334623,0.372441055021204
ROCK1,0.0788583947789732,0.373290566171439
CCT4,-0.0617752388227428,0.374828911881911
RAC1,0.0848890868648533,0.377625442367104
HARS1,-0.0693580876910145,0.377971148720444
GPD1L,-0.111326830199751,0.378605306515689
GYS1,-0.0694048518254101,0.379575598287236
ISOC2,0.0987716273439634,0.380431764035472
SLC25A13,-0.101386863795786,0.381090362382699
DCTN3,0.0939017769109298,0.38310733650884
CLIC4,0.0793116866742782,0.384906221410534
NA,0.179291613688076,0.385321514174488
CWC25,0.0987083034007605,0.385935184845603
HPX,0.140747789067527,0.386034985451636
STXBP2,0.0769945937882703,0.386846075869364
PKM,-0.069843937311465,0.387063853521514
APOBEC3C,0.132215136682544,0.389328760153198
ALDH6A1,-0.0947027932495277,0.389346443809819
EIF4G2,-0.0809486229024948,0.389666689016025
TMED9,-0.0686152176473714,0.389924024352962
PPP2R5A,-0.0780960735540704,0.390703093279043
OTC,0.109734287701847,0.391152303846207
LIMA1,-0.094338461272431,0.39186148508941
PDCD10,0.069189331371132,0.392769018937348
KRAS,-0.0636002307533289,0.393243798729548
UROD,-0.0809199543255115,0.393253639191993
EGF,0.127024808088595,0.393980171924181
BAG6,-0.107707190794957,0.39424035552934
PPP1R7,-0.148482249063941,0.395055816580901
TSG101,0.0680097499535485,0.396498952124771
GNB1,0.0660676222478093,0.397675976965967
CDIPT,-0.0718954954580841,0.397959612917149
IMMT,-0.0585237216201614,0.398134361739547
DAPP1,0.0828619513079005,0.398876236149453
CMPK1,-0.0644986151007634,0.399349064151239
UMPS,-0.0879515712574593,0.39996349698939
YWHAQ,0.0692828880280735,0.400150693098306
TNFAIP8L2,-0.10068740674106,0.40203299129185
ABHD11,-0.0772073415593543,0.402162828803436
GPD2,0.0686560188929929,0.402311852229072
ALDH16A1,-0.0635610425876839,0.402400852479678
MAPKAPK2,-0.0738688734561131,0.403691180255182
ALDH5A1,-0.171724694251477,0.403713525456612
TBXAS1,0.0635854120086435,0.40427971647057
RER1,-0.094314785532827,0.406217160373685
ASAP1,-0.0559062861560639,0.407030098787584
MYDGF,-0.058539121696033,0.408014686749634
DBI,-0.11270157037741,0.408744654524438
MCUR1,-0.104049599299044,0.409007223273885
STOML2,0.0788582888951927,0.409583338297402
IARS2,-0.0649089608419253,0.409941688433595
SCAMP4,0.0556571941720443,0.410110269122919
NA,0.188835486936743,0.41043513753598
NA,-0.128822449305227,0.413122894508963
UBE2J1,-0.0658847415273955,0.413333877118875
FHOD1,0.0669120840289789,0.414265606633919
ZNF114,-0.190030764104605,0.414411624070929
ADPRH,-0.0978692836858198,0.41462555600692
CPOX,-0.0525939862285119,0.415549048589295
IRAK4,-0.0810518711411777,0.416146895688097
PAPSS1,-0.0816853123993852,0.41815702039823
HTRA2,0.0845312291844546,0.419092245643855
SLC9A9,0.104021734237116,0.42106622750775
GCSH,-0.093129607791215,0.421432432637136
CDC42BPA,-0.11801812970129,0.422832389620415
ENG,-0.0876081650521824,0.42347350176723
NA,0.211694046799718,0.424125808511233
UBE2V2,-0.0728635370797322,0.424903845901431
ARPP19,0.0876135614609377,0.425677719519151
GLOD4,-0.0588343585551565,0.425756158690691
IPO7,-0.0770639032401335,0.42688723560214
ACIN1,0.158466676779074,0.427640574957008
TSBP1,0.102349310862938,0.429889734166737
ATL3,-0.0791776451963158,0.430720380814787
SEC24B,-0.107691139028025,0.43098186946337
EMC1,-0.108313307035706,0.431923344719284
PSMB4,0.0660711892090598,0.432489015472174
ARF3,-0.0541260559167892,0.433341188543998
CTSA,-0.0631154816926582,0.434710315378489
ESAM,0.0596013683540181,0.434720548726553
NA,0.249131819960249,0.435876792909402
ATP2B1,0.0758745533196374,0.436049666248992
CLIC1,0.0673888031171914,0.436967619989352
NEMF,-0.124686706362421,0.437116737451419
STAT5B,-0.0927346174555728,0.437706580601336
CAPNS1,-0.0519621121466857,0.437866549277426
CCNY,0.0727394950088967,0.44017367380181
PPIA,-0.0502835769827154,0.440357627516147
RMDN3,-0.0918199575835342,0.440407389138825
ACSS1,-0.0714553700147597,0.440589190797685
UFC1,-0.0708324619038912,0.440620350423419
NA,-0.175420386096934,0.441140092563177
IMPA1,-0.103989551409394,0.441247006269615
AIF1,0.0672142729363303,0.441853487957874
FN3K,0.0709904057554944,0.44218200780546
TM9SF3,-0.0833322253971305,0.443155776186701
SLC10A3,-0.0779732153039984,0.443306283249518
CA2,-0.0677969159978164,0.444293783419087
SLC25A3,-0.0565525580652231,0.446163578318237
GPS1,-0.0683003088451028,0.447514282420737
TCIRG1,0.0696214503465633,0.449863622959831
ADSL,0.0524430872935595,0.450350372706275
C19orf25,-0.139871183422365,0.452365141913143
NPEPPS,0.0536956582067605,0.452411991912282
ATP6V0A1,-0.0584400110214046,0.452984186815978
TPM3,0.0708121238833742,0.453064111953866
PRPSAP1,0.0640330592268959,0.453901421858621
GNAI3,-0.0722150840021864,0.45540938182265
TF,0.218957699179626,0.456129452864545
CCT3,-0.0523309062085527,0.456332511709952
AP1G1,0.0517829234365839,0.459555848733256
ME2,0.0486737599457928,0.459557362346922
DCTN2,0.0554435688931359,0.460227696403454
FAM177A1,-0.0524246735684036,0.4604299396206
MANF,0.0696030534699385,0.460622181358517
IDH1,-0.053135447897502,0.460862240260449
AHCYL1,-0.0734984141773574,0.461481584478506
RTN4,0.0549828334548721,0.461615421652859
F2,-0.0695235825633812,0.462857356745952
PRSS3,-0.054298789568456,0.464349891883472
C11orf68,-0.0804831619785927,0.464500985256766
C9orf64,-0.0765876062427447,0.464849192757666
USP47,-0.0634140375928943,0.466328003068858
CBR1,-0.043921323680644,0.466709137105904
PAICS,0.0462973140263244,0.467455902270625
SNAP29,0.0971087549542066,0.467810136711196
SDF2L1,-0.0537408054073934,0.467823652195768
PLG,0.0631083161673274,0.469504380976658
VSIR,0.0628948116928023,0.470331607304806
PRKACB,0.0934576532830981,0.470816136078263
APRT,-0.103643799778787,0.471477644144056
MED13,-0.107613679874214,0.472576438645003
CARD19,-0.0862910203534128,0.474132300434449
NA,-0.058339832303812,0.474544973651627
COPS4,0.0555210665731291,0.476004875198921
NCSTN,-0.0657928145744638,0.477214113299899
KATNBL1,0.0910884739624708,0.478400222773049
SCFD1,0.055377494915299,0.478442594080714
ARMCX3,0.0520570494935918,0.479243431158175
NPLOC4,-0.0649984030449536,0.480775881945019
SPCS2,-0.114162578094488,0.482198383900168
ETF1,0.0751057090353029,0.482902783255395
ELMO2,-0.0698905349173371,0.483023670826684
TBCB,-0.0663161632176798,0.48394614705762
SPTAN1,0.0598189204244249,0.48598367225883
MGLL,0.056541437028655,0.486316892122606
GPI,0.0511475153682014,0.48666284596995
GOT2,0.0527940325385705,0.487201102908181
AP1M1,0.0421677735380552,0.487635181873908
ZW10,-0.102486486212241,0.489112912674576
A1BG,0.097572028909226,0.490301724343354
USP14,-0.0591071496208144,0.490437118206894
GARS1,0.0509885876190211,0.491791904960474
GNPAT,-0.0828812063060592,0.492078129571967
ATP5F1C,0.0494057486822333,0.492422809163414
NT5C3A,-0.0517284706331855,0.492576721667893
KALRN,0.0556424154768963,0.493782046109275
ITIH4,0.108789011995105,0.498180588315742
PRDX5,-0.0585881070742614,0.498316185209337
UFM1,-0.0722018038517108,0.498524798643061
CHMP2A,-0.0598557901975003,0.49936367962995
SHQ1,0.0889867907816146,0.500223043977862
FAM3C,-0.0750696172881837,0.500322658337882
HBA1,-0.0594499294459015,0.501009696004004
UACA,-0.0808534898153302,0.502178643625691
CFL1,-0.0416064094541973,0.50233767940438
UBA3,0.0468292309288015,0.503248500225598
ABCA2,-0.0688606054631625,0.504200872528809
ARL6IP5,0.0681372479153273,0.504908151309259
DGKG,-0.0525430880520508,0.506796341944069
CAMK1,0.0831941878625978,0.507136919363159
STT3A,0.0753900236883545,0.507584353864107
KIF2A,-0.0541633450459768,0.508962134106788
TPI1,0.0618033202488638,0.509090060816577
HSPA1L,0.0788210789495584,0.511190158268952
NA,-0.0654124313441042,0.511896143420285
SMU1,-0.116299802301414,0.512382400688349
ERBIN,0.0570608442735116,0.513783082041121
CD36,0.0538905487196988,0.514338784382082
PDAP1,0.0724179370377536,0.515484694630779
PSMB1,-0.0451744641755019,0.517119003875772
PPA2,-0.0553019471602749,0.517361135063708
CHMP6,-0.0797845969251168,0.518130591083377
PDIA3,0.0511819253550822,0.518823719833541
GLA,-0.0619136169571343,0.519642618975897
PHB,-0.0362917223618336,0.521064162298745
NKX6-1,-0.0612940340227743,0.522297999865136
PGAM5,0.052502031934725,0.52292664081342
NDUFB9,-0.0498700112661472,0.523103932862713
HP,-0.298490583584462,0.523585444649385
LYPLA1,-0.0483282836961838,0.523862494653397
C1QBP,-0.0401825907506591,0.526363134735959
VWA5A,-0.0548767423889661,0.530179309094276
SNX12,-0.0587123182393164,0.531360770421544
GPX3,-0.0564934883934635,0.532636643079071
TYMP,-0.0512911382612342,0.533465855345678
UGGT1,0.0447192873690891,0.534033800127158
RAB20,-0.0497067188693311,0.534987840924281
ATP5MF,-0.0659053714799108,0.535670057567074
TUBA1A,0.0545346219718969,0.53576474605022
INF2,0.0533936874205546,0.536053425992304
CAND1,0.0461008080735022,0.537321933231693
LYPLA2,0.0653366816481741,0.538590806962108
ZNF185,-0.0486396126481893,0.53865121460407
SEC23A,-0.0536810314492762,0.540190376696055
SERPINC1,0.147542480213084,0.540226318253825
LDLRAP1,-0.0941565738966307,0.540553493277197
RDH11,0.0598316670255442,0.540567876075188
PIP4K2A,-0.050723506022554,0.541632031799485
PRKACA,-0.0534336869146262,0.542388128455791
IFI35,0.0737788850997825,0.54257228065835
TUBB4A,0.0929869145897897,0.544982143505004
SCYL2,-0.152794171168712,0.546135957133068
GALK2,-0.0442373973098075,0.549771074756463
TMED8,0.0784636693931017,0.549897321590627
HSPA5,0.0405582220089494,0.550620350378042
STAT5A,-0.0540455837068034,0.552463738551442
GLS,-0.0612057243810106,0.557464711275655
ISYNA1,0.110664091903795,0.558033702275003
GYG1,0.0452854419016597,0.558485254202721
RAB10,0.0782845311148694,0.559596986679357
OTUB1,-0.0625204646690114,0.559810879463281
AGPAT1,0.0824137239140869,0.560230106194793
XPNPEP1,-0.0409493143200427,0.560239856956664
OSBPL8,-0.0451595738432211,0.56115538331104
SCYL1,-0.055040937428283,0.561716453352387
SEPTIN5,0.0581119567601168,0.56208738397317
MDH1,0.0450940740220146,0.562295482610914
TAPBP,0.0370983516899932,0.563858100879314
CSDE1,-0.0840187912546383,0.564020448818589
CLTC,-0.0440865647414084,0.564507443147948
KNG1,0.0677436521085438,0.565293447476158
RAB37,0.0459145525965571,0.568441779747108
SHMT1,0.0743660955925139,0.570006159855028
CD59,0.0508246857585297,0.570362436291312
MRPL4,-0.0703024373981749,0.570538299633634
EPDR1,-0.0502520607024955,0.571746150609957
OLA1,0.045863178090693,0.571947252086881
YOD1,0.0519019262800208,0.57307962592475
MRPL53,0.0604094534206448,0.574671492641139
RAP1A,0.0597205309300558,0.5747950215439
NCK2,-0.0487530502936495,0.575351432113572
VDAC2,0.045233628596849,0.576331320895242
PITPNC1,-0.0488981946343874,0.57651169957451
MYO1C,-0.0534335864435219,0.578051610204944
GLB1,0.0385083774358668,0.581945677926905
MTERF2,0.157004166524656,0.582061899916427
CAMK2D,-0.0437556167576085,0.58284660534578
CAD,0.110934351586131,0.583234368244817
SERPINB1,0.0537428576383556,0.583271292149231
ETHE1,-0.0516729990820588,0.584535366491226
MAP3K15,0.0752206017561881,0.584691080437661
PRKG1,0.0505754183251539,0.587520196726339
RASGRP2,0.0555626394023491,0.587664371897138
NDUFA8,-0.04776439239401,0.587726150314524
NDUFB1,-0.0541074308187363,0.587856692864063
SLC27A4,0.0509909700545471,0.588403277035404
PPM1A,0.0455914704722119,0.588456388835228
TMEM109,0.0464719297318776,0.589116764680557
PON2,-0.0472055345990602,0.589952438062366
HS1BP3,-0.0654119106916188,0.590219358693189
DBNL,0.0390582687521247,0.591918554201932
NCKAP1,0.0644849363551577,0.592971315850635
SCFD2,-0.0882422555169132,0.593596450448903
EMILIN1,0.0674339600342318,0.59446302239074
LGALSL,0.0514710432976893,0.594583850304922
RAB1B,0.0457092685867781,0.5972176512094
RPIA,0.0417041815940333,0.598556129181698
PSMB10,-0.0711970968039106,0.59958366463204
COPS8,0.0459920053195108,0.600506479831813
RNASET2,0.0378903881510963,0.600542815652281
RPN2,0.0391339428726801,0.600665096345175
M6PR,0.0384369720634975,0.603213000363178
UFD1,-0.0410589810481777,0.604455812019797
PLOD3,-0.0440935195771627,0.604624054233262
SGTB,-0.0721555676793478,0.605911914478999
AHSG,0.142563273595332,0.606227116396352
TXNDC5,0.0379697011211945,0.606312016565447
FYN,-0.0542614431957903,0.606610822730851
NNT,0.0391376707629374,0.607675116998959
CSNK2A2,-0.038038939535855,0.60834494521481
YWHAH,0.0390747833466207,0.608737589093758
FHL1,0.0668385849897565,0.610158165682967
PFDN2,-0.0441667597319041,0.610944804557014
FAM162A,-0.0463394290778016,0.610999964851624
FUBP1,-0.055648426502365,0.6119712922362
NUTF2,-0.0538674578578737,0.612353801895011
TMEM43,0.0366846630145535,0.614967233071441
VWA8,-0.137705864115452,0.616497188773856
PPP3CA,-0.039417128063694,0.617579764991852
RAB6C,0.0498240510002241,0.618554560697555
ERGIC1,-0.0358816622694013,0.619927580436026
CCT2,0.0335736474192531,0.620253760898795
SERPINA1,0.174649526554521,0.621297322205681
NA,-0.088059716755666,0.622622597309681
TUBB,-0.044597022487379,0.6234531572706
ACOX1,-0.0367648877130364,0.62428040971784
NDUFA6,0.0650301050896026,0.625060035630974
ITPR2,-0.0496318769685961,0.626010982582398
TKFC,-0.0358723525252591,0.626440625454524
SCAMP1,0.0476490869847296,0.626862776159006
CCDC47,-0.0445868792698396,0.627664626457547
PACSIN2,-0.0327056814618199,0.628405713835147
GMPPA,-0.0427889323750815,0.62916190330277
ABHD16A,0.0357522124905104,0.629758732667649
GAMT,-0.0569745266615395,0.631066150001093
IPO5,-0.036911450156874,0.631144784714106
ATP5F1B,0.0377209837017867,0.633786385061248
GGA1,-0.0488414281374168,0.634682494247426
ITIH2,-0.111355431419896,0.635131937082529
RAB30,0.054072946825846,0.636220289699051
WBP2,-0.0467898583715469,0.63680767843762
FGD3,-0.0487846398817315,0.639832156039398
NAE1,-0.0550814507422261,0.641838143835543
LRBA,-0.0411257416288009,0.644380346154499
ACADM,0.0356526283900883,0.64737380671743
VPS25,-0.0461278854917135,0.648162156245768
RTRAF,-0.048568454468007,0.648838379537913
CLIP1,-0.0660733397987304,0.64985587535296
YWHAG,-0.0353929556030294,0.650102176583454
KATNAL1,0.0410920806661079,0.655358566021953
NPC1,0.0458724229774787,0.655886447827661
CEP170,-0.0834332762145362,0.656498785002825
STAB2,-0.0913652351866433,0.657015042602499
UBR4,0.0346695222969384,0.657728297694068
PFKP,-0.0412053835609977,0.659189177446099
NA,-0.126276917245633,0.659279643675698
STAM2,-0.0603078089166248,0.660278176776099
CDK5RAP3,-0.0447262758019706,0.661959374227979
SEC31A,-0.0835926981411605,0.662519919219497
ACSF2,-0.0429243671139334,0.663521257309654
PPA1,-0.0458313871693864,0.663541243049131
PSMD13,-0.0400786389955364,0.665632225177538
CD84,0.0617432085119665,0.668775734296107
CSNK1G3,-0.0319335040669149,0.669398825558846
CHP1,-0.0300946429451297,0.669432694783835
TMEM245,0.0586890543619853,0.671023910418937
CLTA,0.0325443942468231,0.674189870717067
APOD,-0.0448366738928205,0.675313612064828
TXNRD2,-0.0419093252473688,0.680641852965349
CISD2,0.025793496804804,0.681667257337342
DENND3,0.0454955809268349,0.682972318586467
ARHGAP18,0.0341064619107259,0.683767564531069
SEPTIN10,-0.0617859096992374,0.68409149132781
RHOC,0.0308435880194333,0.684137741848486
ACP5,-0.0670638284700139,0.686745857296613
RAB14,-0.0288351758145577,0.68824945495368
SART3,0.0431782315222419,0.688368920964733
RIT1,0.0455600553981937,0.689862796446608
TRAM1,-0.0408363184329042,0.694246833098612
NA,0.125708687172928,0.695726598976148
NDUFC2-KCTD14,-0.0413253637781281,0.695973613492431
PCMT1,-0.028730668535713,0.696307477700237
PGLS,-0.0286187477042745,0.696779382747074
CMIP,-0.0376956724189038,0.699522233906384
PGM1,-0.0292010895507959,0.702236568858786
ESYT1,0.0238846736607625,0.702959976104951
FGFR1OP2,0.0291300726143467,0.703025312695368
CFH,0.0448734132989589,0.703098709577635
PAFAH1B2,-0.0305379511036927,0.704299405167273
SNX5,-0.0321877442640856,0.704708166450532
ALDH1A1,-0.0366345150070073,0.704940266745895
NA,0.0501920569196439,0.706959567608586
PTPN11,0.0267800973329404,0.713244243691013
NDUFA3,-0.060895477652537,0.715246949705828
ENO1,-0.0309842860528299,0.715475034407752
DOK1,0.032629418190088,0.716364577100218
SDHD,0.0367978143696868,0.717442496768094
CDS2,0.0262972721598824,0.718019215477297
EPS15,-0.0304855909354561,0.718903545809421
STRIP2,-0.0363466190219831,0.719243752478835
PPP5C,-0.0288256829347075,0.719763411257981
ABRAXAS2,-0.0573616603280237,0.723494105293465
C3,-0.0627645653116936,0.723835857987477
ATP5PF,-0.0321082219468859,0.724082966666752
HGS,-0.029114515114121,0.725712075111146
PSMA7,-0.0241661121932346,0.725735941001411
ZMPSTE24,-0.0355960367066983,0.725898518645784
INPPL1,-0.0320339330915759,0.726629009720429
TBC1D13,0.0250180156802955,0.728265952113392
ARHGAP6,0.0247951783417779,0.728547559846007
LRRC57,-0.0280148534240773,0.729013680732463
FLII,-0.0285557136199774,0.729736389766752
SAMM50,0.0412382653294037,0.730529858504997
ATP5PO,0.0235540244902249,0.731007153637542
PIN1,-0.0292785591780209,0.731436647235748
ERLEC1,-0.0379285978241731,0.733514377738632
EXOC2,-0.0312435049237284,0.733930167320477
MAGED2,-0.0392950102526911,0.733961007766811
HSD17B10,-0.0272332464206329,0.734712380617308
ATG7,-0.0332097645165417,0.735338485903697
SEPTIN2,0.0298906563644861,0.739347134191015
PDE5A,-0.0253332021259025,0.740131692178969
TOMM22,0.0471055349952031,0.741004199468044
ACO1,0.0259686722304307,0.74104767210755
GNB4,-0.0429806572087536,0.741976106323276
DNAJB11,-0.0412624071980749,0.743562070139648
POGLUT1,0.0280366541139752,0.743775110947033
SSR4,-0.0411288771889783,0.743868377962229
CYCS,-0.0318920370424143,0.746839443766675
TJP2,-0.0285590526055408,0.747813917067545
HADH,0.0332808800689495,0.748321525969007
TARS1,0.0198916009363653,0.748733914261644
MINDY1,-0.0321093366250369,0.749159038269856
PARK7,-0.0222050399026566,0.751985807460007
DDB1,0.0315871836784916,0.753486114501679
HMCN1,0.0517746245831059,0.754584087827331
RAB6A,0.0239453189021255,0.754634797190442
COPZ1,-0.0217288224277397,0.75521558557435
GUCY1A1,-0.0280198048031007,0.755786105698383
SERPINA3,0.109715030652079,0.757999212935077
BCAP31,-0.0320084742927681,0.758190560818842
BTK,0.0277395357745671,0.758789530963997
TBCA,0.0266377532646144,0.759594567762365
OSBP,-0.0286591204269993,0.759638745849305
MFF,-0.0538253017436965,0.760352697070667
PRKAA1,-0.0246060331947795,0.760973845049528
CDKN3,0.0426639209615366,0.76233205100905
ARPC5L,0.0312969911270066,0.762467768434724
SULT1A1,-0.0264588021459056,0.762944478302435
PGRMC2,-0.0189160424141388,0.763228081277976
ABCA10,-0.110054636002345,0.764130717213624
AKR7A2,0.0274956750482419,0.765952595467668
STX17,0.0344447081281044,0.766593368615493
CSNK2A1,0.0284221107381284,0.766654255874217
SH3BGRL3,-0.0273025011124525,0.767051634880977
PDHB,-0.0293177870158848,0.767883009607307
NDUFA5,0.0220349062127703,0.768091029396706
SDF2,-0.0292905963637482,0.772967409681225
NAGA,-0.0356364652646873,0.773887297869874
CANX,-0.0187011229113251,0.774166763674085
SLC25A17,0.0604382255651255,0.776399993842404
PCCB,-0.0388240308771728,0.777324002558063
PRKCA,0.0278914423064147,0.778703322886589
NDUFV2,0.0306826532627018,0.778897541067009
CP,0.0418668944152133,0.779360461635662
MYO5A,-0.0212520442982637,0.780225473329699
TRIP11,-0.0389541002246044,0.780892595891705
DDAH2,-0.020895675740577,0.781486444553296
STEAP3,-0.0203935553056109,0.782042824416979
INPP5B,-0.0387431977225348,0.782346642601802
STRN,-0.0234972880802293,0.783278921513703
SUMF2,-0.0317760039842548,0.785797673314522
APPL2,0.0259938017944332,0.786231512523192
GORASP2,0.0235341768406199,0.787902291086929
DHRS7B,-0.0281642651848135,0.789706609104473
BID,-0.018710860737538,0.790815240987965
TPST2,0.0202222185412971,0.790825187837936
PTK2,0.020723047824688,0.792888735225478
TC2N,-0.0299385569267227,0.795290305052294
MAPK14,-0.0184677024983044,0.797159695335953
ATP5ME,0.0205702667954377,0.797370853256695
AK2,-0.0233966980476699,0.797646073857327
RAD23B,0.0281858710169979,0.799733508785587
UNC45A,-0.017124955073743,0.800552192254964
SKAP2,0.0186596631024347,0.800732378459988
ADH5,-0.0324702518609404,0.801402846098901
TMEM30A,-0.02202882383498,0.801680489489747
SYNE1,-0.0241797221661464,0.801786992063281
PTPRA,-0.0287889516350809,0.802056137786927
NEB,-0.0468807624190998,0.803324947275511
CYFIP1,0.0160349814400272,0.804765290921936
DUSP23,0.0255729091444792,0.806268808879957
CTSC,-0.0176447532578394,0.808970329988816
NDUFS7,-0.0190229004120065,0.809358986074635
OSTC,-0.0161319964923198,0.809499637418458
FLOT1,0.0170876102424671,0.810106353110248
DCXR,0.0222813052344166,0.81470273987193
NAPG,0.0175560144979322,0.816162636412546
NA,0.0374078839384099,0.820332982790924
HIBADH,0.0278940804018072,0.82128940695828
MLC1,-0.0267985905677887,0.821309151354575
WASF2,0.0234769959139793,0.821309484684543
SOD2,0.0267001227506955,0.821533327906387
SLC44A1,-0.0205073171154966,0.821534229981406
QDPR,0.0178981321523262,0.823157492700368
CUL4A,-0.0561448771048889,0.824251433976407
TUBA1C,0.0178179935760946,0.825232031944293
LRMP,0.0144400304689872,0.825534713371208
TUBG1,0.0173241074584602,0.825771170925628
AP1S2,0.0187349737067235,0.825944284009762
NDUFS3,-0.018425595893544,0.827151760661964
UBASH3B,0.0201284406054659,0.82963141828815
ATP8,0.0244130836771813,0.829848499226642
UBE2O,0.0174170399119626,0.830583445673548
LHFPL2,-0.0259252056836066,0.830651691040069
TMED4,0.0155934297777799,0.832104408172052
CALR,-0.0175331976899608,0.832363510256485
FDPS,-0.0180011714065626,0.832949094972649
PITHD1,0.0359081886453094,0.833874916005142
PTDSS1,-0.0273716745017897,0.834386438977838
LAMTOR5,0.0157261275124457,0.835606935732494
DCHS1,-0.0344077001634402,0.83805307693087
DARS1,0.0159645284884288,0.841687224118622
ARPC3,0.0140374406245534,0.84230944337921
ATP5PD,0.0150812808870765,0.843309592636851
MTPN,0.0163977367165864,0.843385776121224
C4BPA,-0.0240872764654296,0.843855476907179
VTA1,0.0246631844159257,0.844934310568933
PRUNE1,-0.0205283878961911,0.84527852808888
SFXN3,-0.023778285371225,0.847688977486152
TAOK1,0.0170503356257105,0.850734258166983
EXOC4,0.0228107536212216,0.851669858367489
GMPR,-0.0169046341499476,0.853129620913654
SLC35B2,0.0181111173852466,0.853759290802941
DYNLRB1,-0.0147167442749847,0.854706517030541
MAPRE1,0.0198000533487642,0.855431280864991
CTSW,-0.0254716141487239,0.857007343462195
GAPDH,0.0124572512999283,0.85856819542661
CKAP5,-0.0147075844096467,0.858622161531866
ATP5F1D,-0.0141950526453383,0.859569068419692
HSPD1,-0.0125644544826821,0.861160380056646
PRTN3,-0.0140449259910817,0.86177947473499
NDUFB4,-0.0139138554870584,0.862540033729384
ACTR1A,0.0115314004270988,0.86303377012305
GTPBP2,0.0152330314464233,0.86425571695156
NCKIPSD,-0.019031937225142,0.864853633330265
C1QA,-0.0260675797242095,0.86723732067903
NDUFB8,0.0165799713654556,0.868169636669515
PLA2G15,0.0165035236380268,0.869693618263302
PSMD10,0.0161442462538743,0.870270293653428
ATP6V0A2,0.0184697667549773,0.870837242478274
HSPA8,-0.0113407453209477,0.871024382079845
NDUFB6,-0.0120006122807716,0.871199693315128
RAB11B,0.00971304730516372,0.87201429733115
MPDU1,-0.0169014835082881,0.87266205247013
ANAPC2,0.0240067905270405,0.872755456125713
LYN,-0.0124592413911579,0.873097562521437
MTMR12,0.0127308357357732,0.875483536931498
PSMA1,0.0113390907652663,0.87558383770151
HECTD3,0.0114943883477616,0.876241909695626
IGLL5,-0.0348343903319562,0.877066925427506
TMEM19,-0.712739284700134,0.878160524491659
IAH1,-0.0117703976971451,0.878661686616005
DNAH9,0.0171811241080625,0.879105538196973
GET3,-0.0136179253030044,0.879153717216226
GC,-0.0202110959220371,0.879331360694804
RO60,-0.0149499603761128,0.880145332913943
DERA,0.0116869416629415,0.881149844194489
ABCB6,-0.017930993518023,0.881723909258514
CCT6A,0.00908734378976491,0.882567567642875
NUDT2,-0.0149791938010099,0.88387430157193
AP3M1,-0.0134178376071608,0.887079803108713
MLEC,-0.0102448647152739,0.887654817462254
SACM1L,-0.0115393456314096,0.888718593095823
YWHAB,-0.0109952176001863,0.89166292605798
PITPNB,-0.00979072451120758,0.892894806362446
TOLLIP,0.00955001446903977,0.893448825316188
PREP,0.0296101287225177,0.893710754295663
TMSB4X,-0.0174387203180784,0.895317865345999
POGLUT3,-0.0329161851840107,0.89637743971173
ALDOC,-0.0141676767904203,0.896390336887385
ATP2C1,0.0112474339980109,0.896718568988463
PTPN12,-0.0109069608505678,0.898503365906026
TTC1,0.0126561474778873,0.900022973325401
TXNDC9,-0.0142409406875145,0.900146747688538
VAMP3,-0.0129526545562454,0.901288465543973
PSMD11,0.0102121346173117,0.901419273291746
EMC2,-0.0238852998990596,0.904568942602203
RAB1A,-0.0106540315886038,0.905376968745384
PPP2R2D,-0.0149700689297679,0.906816336425001
KCNA10,0.0152175573769475,0.906970835373926
KIAA0513,-0.0123813897153088,0.909541516922373
PTPA,-0.00924083431260119,0.910003060019894
MAPRE2,-0.0115908316839621,0.910384595411722
TSC22D4,0.0193878580132258,0.910508633644904
HTATIP2,0.015334211382928,0.911563283730671
TXNL1,-0.0075099931320526,0.912425480458963
HIKESHI,0.0112568640826317,0.913281350428585
BRD4,-0.0184608757991457,0.913304473386858
SNAP23,0.00934497426523198,0.91331252429014
CASS4,0.0137448111753161,0.913649241746756
TUBB4B,-0.0101670460992625,0.914605176407287
CLPP,0.010805120126092,0.914614074974749
RDH13,-0.0122463321615534,0.914700069666025
MAN2C1,0.00854851737147886,0.915103352001068
PRKCB,-0.0129648490761696,0.916273291562431
SOD1,0.0100395035050415,0.916895958339184
CD2AP,-0.0142837260772501,0.916953312239852
INPP4B,-0.00895105873148004,0.919104891568061
SH3PXD2A,0.00905760868415511,0.919539734901951
ATP2A2,0.00851625375935895,0.921328635806797
PHB2,-0.00654388974972999,0.923757620603487
CLYBL,-0.00961467861242814,0.924319683262945
ITPR1,0.00815005758472242,0.924414180359376
ZDHHC20,-0.00855630010635803,0.9250780116736
SARS1,0.00585438970476366,0.925879077479508
PSMB8,-0.00882248916544632,0.926417795360565
PLCB2,-0.0107119931400485,0.926558753589362
GNA13,0.00669515460645865,0.927342653778882
FKBP11,0.00865290917953774,0.927700126363137
RAB4A,-0.00916476807323306,0.928335850255153
AKT2,-0.0075656481918744,0.931787048377764
CLCN4,0.00759969372633528,0.932445231756726
ABHD14B,0.00574636000406042,0.932865779412861
SUSD1,-0.00903037258526265,0.937826021656504
RASA3,0.0075823227676888,0.938184021556923
FNDC8,0.00792083398559364,0.939689545202486
CAPN1,-0.00527833671105005,0.943000561681291
NDUFA2,-0.00990701372037556,0.943112128238598
PSME2,-0.00589417683977533,0.944483592631681
XPO7,0.00952807558095728,0.945724369411823
STXBP5,-0.0054357029182922,0.945839287498245
C9,-0.0100197353334578,0.946627162379108
TMED10,0.00467451645129914,0.948000750106141
ESYT2,0.00481622171828187,0.948732987090176
ELOC,-0.00501885186095788,0.949541367635955
GRIPAP1,0.00704483147551701,0.949760553317448
RTCA,0.00897850220994535,0.949797462033459
SLAIN2,0.00784948480011608,0.951610199849482
ACLY,-0.00436617973564332,0.952142974791031
ATP5F1A,-0.0040080550498513,0.954211688729521
ARPC1B,-0.00548204683057329,0.954965309497105
NDUFS6,0.00551491486402754,0.955197531774137
PPME1,0.00553882797281909,0.959079545366837
NHLRC2,-0.00821043049970628,0.960215551630772
SGTA,0.00480051716040621,0.961394455205527
NDUFS1,-0.00356928995872235,0.963266098525392
DUSP3,0.00368686878585098,0.963960250617242
CNDP2,0.00373903251796987,0.964148617856283
IQGAP2,0.00304185502130404,0.96951474886339
COX6B1,-0.0033163496521169,0.971348981379019
ST13,0.00254539047817167,0.971631553678661
USP5,0.00267014379790458,0.973953270404138
PSMC3,0.00198070617069614,0.973999548449654
SAR1A,0.00353176727315213,0.974981849588012
PCCA,0.00292342340515825,0.975797334174728
DCTN1,0.00242076773900023,0.97606298940471
SHTN1,0.00342950896789982,0.977228738035489
RAP1GDS1,-0.00258424208100293,0.97724706448965
IMPAD1,-0.00438213504443119,0.978543893898495
ARFGEF2,0.00347380793071743,0.978743599814835
EIF4E,0.0022914298297008,0.978812538264531
ANK1,-0.00285928647714459,0.979980791400212
PTPN18,0.00234748834587707,0.983244744167492
ARMT1,-0.00182308753012529,0.983485683928639
SRPRA,0.00293309596061555,0.986263360242194
NDUFA13,0.00144994105607328,0.987156168316612
HSP90B1,0.00113726929681465,0.98724947104272
ENO3,-0.0801360094100466,0.987316076242957
MAP2K3,-0.00195801564256941,0.988252712992236
PEBP1,0.00118892447831752,0.988667750678252
NA,0.00174952509349455,0.989560921895593
CYTH2,0.00169802508966701,0.989571428221122
PLS3,0.000937919817146029,0.991570486195718
TSNAX,0.000729127302545797,0.994383590606502
SPTBN4,-0.000853535353145007,0.995064064983592
ATP5MG,0.000353499097793107,0.996262205790108
NDUFA9,-0.000462928997479227,0.996714721269104
HPRT1,0.000206833266198814,0.997739626268092
UBE2L3,3.7179341876106e-05,0.99962000313017
