"","X","p_val","avg_log2FC","pct.1","pct.2","p_val_adj","cluster","gene"
"15","SARAF",0,0.743558099402947,0.986,0.881,0,"CD4 T","SARAF"
"30","NPM1",0,0.618607423218092,0.981,0.877,0,"CD4 T","NPM1"
"31","RPL5",0,0.615779841467788,1,0.978,0,"CD4 T","RPL5"
"37","RPS27A",0,0.592332869950807,1,0.99,0,"CD4 T","RPS27A"
"39","EEF1B2",0,0.573139889229136,0.999,0.957,0,"CD4 T","EEF1B2"
"59","RPL4",0,0.491350393626019,0.999,0.973,0,"CD4 T","RPL4"
"60","EEF1A1",0,0.490441519896945,1,0.993,0,"CD4 T","EEF1A1"
"70","RPS16",0,0.444121847490178,0.999,0.981,0,"CD4 T","RPS16"
"95","PIK3IP1",2.17167165862004e-281,0.733839998768938,0.658,0.355,4.66192754955964e-277,"CD4 T","PIK3IP1"
"98","ETS1",3.48412703337776e-272,0.64149542232673,0.85,0.546,7.47937550255203e-268,"CD4 T","ETS1"
"100","LDLRAP1",1.46240648186352e-267,0.658369585574786,0.615,0.311,3.13934799461642e-263,"CD4 T","LDLRAP1"
"119","DGKA",3.99053169845723e-215,0.601633689041976,0.611,0.348,8.56647439707813e-211,"CD4 T","DGKA"
"152","PIM1",1.34713005856128e-159,0.563991645948997,0.566,0.33,2.89188409671351e-155,"CD4 T","PIM1"
"155","HSPB1",2.77594090308279e-153,0.502273508639869,0.606,0.389,5.95911233664783e-149,"CD4 T","HSPB1"
"158","HNRNPA1",1.49415868978355e-149,0.341398795625956,0.978,0.919,3.20751045935834e-145,"CD4 T","HNRNPA1"
"168","STMN3",1.68392728233127e-129,0.443805664112853,0.416,0.215,3.61488669698054e-125,"CD4 T","STMN3"
"178","SATB1",1.47405286732206e-120,0.475516828705155,0.444,0.255,3.16434929028027e-116,"CD4 T","SATB1"
"211","CDC25B",1.92719685227234e-91,0.385571489679494,0.498,0.329,4.13711348277304e-87,"CD4 T","CDC25B"
"212","CDKN1B",6.93331309189119e-91,0.365961205870314,0.672,0.527,1.48837432143628e-86,"CD4 T","CDKN1B"
"218","FOXO1",1.21957755256653e-86,0.366844902892692,0.415,0.259,2.61806713209458e-82,"CD4 T","FOXO1"
"227","HIST1H4C",1.00984831089254e-82,0.335413752395452,0.708,0.565,2.16784136899302e-78,"CD4 T","HIST1H4C"
"237","MYC",1.77252296369798e-76,0.370292834636266,0.374,0.226,3.80507504617046e-72,"CD4 T","MYC"
"243","PEBP1",2.19387276275158e-74,0.296934262445461,0.71,0.57,4.70958665979882e-70,"CD4 T","PEBP1"
"251","MCUB",5.53805433221602e-71,0.329126960127306,0.631,0.508,1.18885412349681e-66,"CD4 T","MCUB"
"253","RBL2",1.75356721572893e-69,0.320466175887974,0.623,0.489,3.7643827420053e-65,"CD4 T","RBL2"
"257","VAMP2",2.22675657639582e-66,0.265636350565569,0.839,0.747,4.78017834254891e-62,"CD4 T","VAMP2"
"263","CITED2",4.73086039050952e-63,0.347484378472309,0.615,0.491,1.01557380003068e-58,"CD4 T","CITED2"
"265","ANP32B",3.577608298114e-62,0.271236711882523,0.814,0.728,7.68005173356133e-58,"CD4 T","ANP32B"
"270","CCND2",9.1493163205423e-58,0.290224305826793,0.375,0.246,1.96408373453082e-53,"CD4 T","CCND2"
"273","TNIK",2.18965687587434e-56,0.268965664447575,0.289,0.17,4.70053641543944e-52,"CD4 T","TNIK"
"275","BCL2",4.44907543423397e-56,0.341709608327808,0.361,0.24,9.55083023467007e-52,"CD4 T","BCL2"
"298","FBL",4.79749392183599e-43,0.265241824018426,0.624,0.539,1.02987802020053e-38,"CD4 T","FBL"
"334","SAT1",0,2.63415212733622,0.985,0.65,0,"CD14+ Mono","SAT1"
"340","PLAUR",0,2.45747401315355,0.754,0.052,0,"CD14+ Mono","PLAUR"
"345","GRN",0,2.36667814996404,0.907,0.182,0,"CD14+ Mono","GRN"
"346","S100A6",0,2.32724802776296,0.989,0.912,0,"CD14+ Mono","S100A6"
"348","FTH1",0,2.31234672302674,0.999,0.996,0,"CD14+ Mono","FTH1"
"361","CTSD",0,2.05711477015629,0.923,0.443,0,"CD14+ Mono","CTSD"
"366","BRI3",0,2.02178191748936,0.921,0.384,0,"CD14+ Mono","BRI3"
"367","CXCL8",0,1.99317472163454,0.415,0.007,0,"CD14+ Mono","CXCL8"
"368","LRP1",0,1.9862465475941,0.745,0.035,0,"CD14+ Mono","LRP1"
"373","PYCARD",0,1.91026900038407,0.883,0.289,0,"CD14+ Mono","PYCARD"
"374","NAMPT",0,1.90995815218986,0.74,0.134,0,"CD14+ Mono","NAMPT"
"378","GABARAP",0,1.85827288227441,0.973,0.847,0,"CD14+ Mono","GABARAP"
"388","CD36",0,1.78194890494598,0.64,0.022,0,"CD14+ Mono","CD36"
"399","PGD",0,1.70030941954909,0.76,0.175,0,"CD14+ Mono","PGD"
"400","CTSZ",0,1.69153689936732,0.814,0.228,0,"CD14+ Mono","CTSZ"
"414","CTSB",0,1.57597744121283,0.81,0.304,0,"CD14+ Mono","CTSB"
"417","TIMP2",0,1.53700801834272,0.665,0.059,0,"CD14+ Mono","TIMP2"
"420","DUSP6",0,1.50919211168325,0.572,0.05,0,"CD14+ Mono","DUSP6"
"421","EMILIN2",0,1.49271915385187,0.65,0.072,0,"CD14+ Mono","EMILIN2"
"423","MCL1",0,1.48347600141403,0.924,0.656,0,"CD14+ Mono","MCL1"
"426","ASAH1",0,1.47389090164987,0.779,0.273,0,"CD14+ Mono","ASAH1"
"427","CEBPB",0,1.46296918629744,0.801,0.334,0,"CD14+ Mono","CEBPB"
"429","RAC1",0,1.45692521064583,0.898,0.542,0,"CD14+ Mono","RAC1"
"433","GLUL",0,1.44394507127936,0.655,0.154,0,"CD14+ Mono","GLUL"
"435","TNFRSF1B",0,1.4361589968106,0.811,0.306,0,"CD14+ Mono","TNFRSF1B"
"436","ANXA5",0,1.43558982051619,0.826,0.343,0,"CD14+ Mono","ANXA5"
"440","ZFAND5",0,1.42125471876826,0.796,0.354,0,"CD14+ Mono","ZFAND5"
"444","SOD2",0,1.40704419429532,0.717,0.306,0,"CD14+ Mono","SOD2"
"448","TNFSF13",0,1.38080386042026,0.58,0.041,0,"CD14+ Mono","TNFSF13"
"449","GAPDH",0,1.38018654069909,0.983,0.958,0,"CD14+ Mono","GAPDH"
"452","NPC2",0,1.36953424530983,0.794,0.354,0,"CD14+ Mono","NPC2"
"457","THBS1",0,1.3427984767574,0.358,0.012,0,"CD14+ Mono","THBS1"
"473","PLXDC2",0,1.28247708030551,0.508,0.027,0,"CD14+ Mono","PLXDC2"
"477","OGFRL1",0,1.2754152142743,0.572,0.098,0,"CD14+ Mono","OGFRL1"
"487","ATP6V0C",0,1.2450319145045,0.912,0.662,0,"CD14+ Mono","ATP6V0C"
"488","LGALS9",0,1.24299566915871,0.629,0.156,0,"CD14+ Mono","LGALS9"
"497","GRINA",0,1.22229923673058,0.688,0.249,0,"CD14+ Mono","GRINA"
"505","SULF2",0,1.18542008162055,0.53,0.044,0,"CD14+ Mono","SULF2"
"532","ATP6V0D1",0,1.11693009790735,0.67,0.261,0,"CD14+ Mono","ATP6V0D1"
"538","H3F3A",0,1.1098082614238,0.981,0.962,0,"CD14+ Mono","H3F3A"
"539","FOS",0,1.1072573721664,0.999,0.871,0,"CD14+ Mono","FOS"
"544","SLC43A2",0,1.09170524837602,0.448,0.046,0,"CD14+ Mono","SLC43A2"
"545","CPPED1",0,1.0896511576551,0.503,0.058,0,"CD14+ Mono","CPPED1"
"548","PLEKHO1",0,1.08328858244572,0.697,0.284,0,"CD14+ Mono","PLEKHO1"
"549","IRAK3",0,1.08177745188966,0.448,0.025,0,"CD14+ Mono","IRAK3"
"563","NINJ1",0,1.04946916954206,0.582,0.162,0,"CD14+ Mono","NINJ1"
"569","PRKCD",0,1.03999565434515,0.526,0.112,0,"CD14+ Mono","PRKCD"
"571","EIF4EBP1",0,1.0363164913509,0.488,0.087,0,"CD14+ Mono","EIF4EBP1"
"575","HBEGF",0,1.03049859831219,0.337,0.014,0,"CD14+ Mono","HBEGF"
"593","CDKN1A",0,0.965111031225389,0.375,0.065,0,"CD14+ Mono","CDKN1A"
"594","BACH1",0,0.96056680170963,0.493,0.125,0,"CD14+ Mono","BACH1"
"607","KIAA0930",0,0.912416969452887,0.408,0.051,0,"CD14+ Mono","KIAA0930"
"613","CREG1",0,0.887324502900995,0.437,0.096,0,"CD14+ Mono","CREG1"
"617","SLC16A3",0,0.873993776268331,0.434,0.105,0,"CD14+ Mono","SLC16A3"
"625","IRF5",0,0.850929110531576,0.423,0.079,0,"CD14+ Mono","IRF5"
"638","JDP2",0,0.819838010848481,0.323,0.022,0,"CD14+ Mono","JDP2"
"682","IMPA2",0,0.658790777663224,0.308,0.043,0,"CD14+ Mono","IMPA2"
"732","CASP1",1.22534152925278e-270,0.919733810078549,0.568,0.214,2.63044066084694e-266,"CD14+ Mono","CASP1"
"743","SLC31A2",2.7887769029437e-263,0.565314572144392,0.257,0.036,5.98666737754924e-259,"CD14+ Mono","SLC31A2"
"744","HIF1A",3.0848658924463e-263,1.10050648091008,0.651,0.307,6.62228161131448e-259,"CD14+ Mono","HIF1A"
"752","KDM6B",3.06439091647645e-254,0.989821324306218,0.483,0.161,6.57832798039999e-250,"CD14+ Mono","KDM6B"
"753","SOX4",1.78373040142976e-253,0.764806766222231,0.311,0.059,3.82913405274926e-249,"CD14+ Mono","SOX4"
"763","UBE2D1",6.07901174475209e-247,0.859851598136822,0.501,0.179,1.30498145124593e-242,"CD14+ Mono","UBE2D1"
"775","TBC1D9",2.06928816200271e-238,0.590176934495986,0.255,0.041,4.44214089737122e-234,"CD14+ Mono","TBC1D9"
"786","GLRX",6.50631620020665e-230,0.916945289509706,0.662,0.338,1.39671089869836e-225,"CD14+ Mono","GLRX"
"792","RHOA",4.06750949876383e-224,0.708975064797146,0.921,0.876,8.73172264099632e-220,"CD14+ Mono","RHOA"
"814","ETS2",2.27907564217713e-203,0.551182572817773,0.262,0.052,4.89249168106164e-199,"CD14+ Mono","ETS2"
"832","AGO4",2.12955447456768e-190,0.566411850049543,0.293,0.071,4.57151459055444e-186,"CD14+ Mono","AGO4"
"839","MCOLN1",1.15700838253692e-185,0.569511740349069,0.271,0.062,2.48374989479202e-181,"CD14+ Mono","MCOLN1"
"842","HEXB",1.61636095605634e-183,0.720939319946186,0.466,0.185,3.46984206436614e-179,"CD14+ Mono","HEXB"
"849","MXD1",1.03791069021364e-176,0.76090206207841,0.39,0.135,2.22808287868162e-172,"CD14+ Mono","MXD1"
"854","ENO1",2.58813470066494e-173,0.714502386913809,0.841,0.696,5.55594876191742e-169,"CD14+ Mono","ENO1"
"869","ATP6V1A",4.35207033798877e-157,0.52906878838302,0.295,0.085,9.34258939456049e-153,"CD14+ Mono","ATP6V1A"
"882","TNFSF10",1.78383395921994e-149,0.710685370210815,0.505,0.238,3.82935636025744e-145,"CD14+ Mono","TNFSF10"
"885","TXN",7.14059849525221e-148,0.720122194176405,0.633,0.367,1.53287227897579e-143,"CD14+ Mono","TXN"
"887","GABARAPL1",1.58707608299843e-147,0.619357867445275,0.327,0.109,3.40697622737272e-143,"CD14+ Mono","GABARAPL1"
"891","MIS18BP1",2.36998559089761e-144,0.664795425658975,0.459,0.202,5.08764806797991e-140,"CD14+ Mono","MIS18BP1"
"898","MAPKAPK3",3.56256792238994e-138,0.580669910218074,0.434,0.183,7.64776455899449e-134,"CD14+ Mono","MAPKAPK3"
"910","PEA15",1.44882818628499e-134,0.514330122427934,0.301,0.1,3.11019946749798e-130,"CD14+ Mono","PEA15"
"915","TMEM127",2.98203410716655e-132,0.566928953515321,0.35,0.133,6.40153261785443e-128,"CD14+ Mono","TMEM127"
"928","JAK2",2.0642490510021e-126,0.540430781871292,0.298,0.102,4.43132343778621e-122,"CD14+ Mono","JAK2"
"938","STAT6",3.3414203154204e-122,0.647464551785775,0.531,0.286,7.17302699111298e-118,"CD14+ Mono","STAT6"
"940","G6PD",1.13826565611561e-121,0.576583667278782,0.4,0.175,2.44351488398337e-117,"CD14+ Mono","G6PD"
"949","CD44",2.58888889981831e-120,0.631567887950627,0.838,0.734,5.55756780123997e-116,"CD14+ Mono","CD44"
"952","SQOR",9.96055823946053e-119,0.574885687371403,0.434,0.205,2.13823303726499e-114,"CD14+ Mono","SQOR"
"965","MANBA",3.22160503077867e-114,0.552194422457701,0.373,0.159,6.91581951957258e-110,"CD14+ Mono","MANBA"
"967","NABP1",1.23129175852601e-112,0.683683185400119,0.358,0.154,2.64321401802779e-108,"CD14+ Mono","NABP1"
"968","MFSD1",1.43767278338302e-112,0.473187302467202,0.408,0.188,3.08625216408833e-108,"CD14+ Mono","MFSD1"
"977","HACD4",6.62594828067859e-109,0.572585717891781,0.46,0.237,1.42239231741327e-104,"CD14+ Mono","HACD4"
"985","MAP2K3",5.99647211695326e-107,0.566688568627183,0.456,0.231,1.28726266934636e-102,"CD14+ Mono","MAP2K3"
"990","RNASET2",1.05542550110104e-104,0.59802461277506,0.803,0.653,2.2656819232136e-100,"CD14+ Mono","RNASET2"
"1013","MSN",4.80848417720516e-98,0.530823037252356,0.777,0.646,1.03223729832063e-93,"CD14+ Mono","MSN"
"1037","CBX6",1.92602923221753e-92,0.470344468365131,0.285,0.114,4.13460695280136e-88,"CD14+ Mono","CBX6"
"1051","YBX1",1.16956149637105e-88,0.431978732697326,0.912,0.909,2.51069766425973e-84,"CD14+ Mono","YBX1"
"1053","HSPA1A",2.12929788599758e-88,0.517523742388843,0.346,0.159,4.57096377187101e-84,"CD14+ Mono","HSPA1A"
"1058","H3F3B",1.04984993860588e-87,0.446326483878289,0.989,0.987,2.25371286320524e-83,"CD14+ Mono","H3F3B"
"1071","ANAPC11",3.33354212748504e-85,0.53841475170829,0.613,0.422,7.15611488507213e-81,"CD14+ Mono","ANAPC11"
"1078","USP3",5.18532220963621e-84,0.558514361526338,0.52,0.319,1.11313311874261e-79,"CD14+ Mono","USP3"
"1087","ITM2B",5.10076610076134e-82,0.385344683917459,0.957,0.954,1.09498145885044e-77,"CD14+ Mono","ITM2B"
"1093","ENY2",5.73278216613367e-81,0.567932426787569,0.582,0.397,1.23065634760391e-76,"CD14+ Mono","ENY2"
"1099","CTSA",8.33595253151074e-80,0.363064056353229,0.475,0.272,1.78947892993941e-75,"CD14+ Mono","CTSA"
"1130","MXD4",7.77360681225214e-71,0.477369268697287,0.412,0.231,1.66876017438617e-66,"CD14+ Mono","MXD4"
"1141","MAPK14",1.40351609586016e-68,0.414743398127796,0.324,0.161,3.012928002983e-64,"CD14+ Mono","MAPK14"
"1146","TGOLN2",7.09922211890919e-68,0.500889498554621,0.65,0.484,1.52399001226624e-63,"CD14+ Mono","TGOLN2"
"1162","MAP3K1",1.11047983794816e-64,0.489105860129622,0.484,0.309,2.38386706812332e-60,"CD14+ Mono","MAP3K1"
"1167","PHC2",1.67621859862714e-63,0.400955627844132,0.288,0.14,3.59833846567289e-59,"CD14+ Mono","PHC2"
"1168","UBC",1.80492475349521e-63,0.343115249622282,0.984,0.98,3.87463196832817e-59,"CD14+ Mono","UBC"
"1170","INPP5D",2.90245207553442e-63,0.48302009233024,0.481,0.304,6.23069387054973e-59,"CD14+ Mono","INPP5D"
"1177","RIOK3",9.92973299861689e-62,0.4579709703103,0.425,0.257,2.13161578281309e-57,"CD14+ Mono","RIOK3"
"1179","HNRNPU",2.15192821534836e-61,0.646414738213509,0.823,0.765,4.61954429988833e-57,"CD14+ Mono","HNRNPU"
"1205","IGF2R",7.13230339720488e-57,0.462757025824843,0.375,0.217,1.53109157027797e-52,"CD14+ Mono","IGF2R"
"1209","RB1",4.59606384711046e-56,0.431821289805281,0.358,0.201,9.86637026059203e-52,"CD14+ Mono","RB1"
"1211","CDC42",1.1658605288383e-55,0.370033774714922,0.823,0.773,2.50275279725718e-51,"CD14+ Mono","CDC42"
"1233","PTEN",3.56527596167569e-52,0.43309929380281,0.487,0.332,7.65357790692921e-48,"CD14+ Mono","PTEN"
"1239","DEK",2.78469667480509e-51,0.441151877763307,0.621,0.482,5.97790835180408e-47,"CD14+ Mono","DEK"
"1262","IER2",5.07621481651629e-48,0.386132060739127,0.928,0.858,1.08971103466155e-43,"CD14+ Mono","IER2"
"1266","GNPTG",2.94670736331002e-47,0.382736143282891,0.432,0.28,6.32569669681761e-43,"CD14+ Mono","GNPTG"
"1267","ID2",3.21842297413569e-47,0.703308076643437,0.541,0.409,6.90898859857708e-43,"CD14+ Mono","ID2"
"1269","SLC25A5",1.13454102060091e-46,0.396462942072779,0.719,0.641,2.43551920892397e-42,"CD14+ Mono","SLC25A5"
"1273","CHD1",1.0612784796522e-45,0.473243803363018,0.522,0.382,2.27824651226938e-41,"CD14+ Mono","CHD1"
"1290","HNRNPH1",3.43804830540485e-43,0.426762402018104,0.584,0.454,7.38045829721259e-39,"CD14+ Mono","HNRNPH1"
"1316","REEP5",1.37460787932251e-39,0.372881756441359,0.475,0.338,2.95087073454164e-35,"CD14+ Mono","REEP5"
"1325","GUSB",3.81567174777555e-38,0.347750739940633,0.307,0.186,8.19110254094977e-34,"CD14+ Mono","GUSB"
"1346","HMGB2",5.42830526852184e-36,0.414140187668884,0.552,0.439,1.16529429199358e-31,"CD14+ Mono","HMGB2"
"1347","DBI",8.46404417002967e-36,0.383825441846163,0.595,0.498,1.81697636198027e-31,"CD14+ Mono","DBI"
"1352","MAP4K4",3.29054899257923e-35,0.398143838945197,0.406,0.284,7.06382152236983e-31,"CD14+ Mono","MAP4K4"
"1354","MAT2A",4.48000211289194e-35,0.411251684039156,0.421,0.3,9.61722053574513e-31,"CD14+ Mono","MAT2A"
"1361","MAPK1",1.54438923711768e-34,0.329935024880093,0.41,0.277,3.31534037532052e-30,"CD14+ Mono","MAPK1"
"1368","WDR26",6.58267631411101e-34,0.332372877011349,0.287,0.172,1.41310312435021e-29,"CD14+ Mono","WDR26"
"1392","UBE2S",4.99301800800915e-31,0.448455261922085,0.506,0.396,1.07185117577932e-26,"CD14+ Mono","UBE2S"
"1400","RAF1",2.83910152784452e-30,0.315674651443257,0.312,0.202,6.09469924982384e-26,"CD14+ Mono","RAF1"
"1401","MAP3K5",3.06440801200669e-30,0.283468182905544,0.259,0.156,6.57836467937475e-26,"CD14+ Mono","MAP3K5"
"1402","ZBTB7A",4.54108472943719e-30,0.352466164490254,0.521,0.406,9.74834658868281e-26,"CD14+ Mono","ZBTB7A"
"1408","LRPAP1",7.83998942934967e-30,0.328125866409086,0.441,0.322,1.68301053079849e-25,"CD14+ Mono","LRPAP1"
"1417","SYNGR2",6.76897873892757e-29,0.272132624901602,0.606,0.485,1.45309666588558e-24,"CD14+ Mono","SYNGR2"
"1421","FAM111A",1.49452387117463e-28,0.282294151292859,0.287,0.179,3.20829439425058e-24,"CD14+ Mono","FAM111A"
"1434","ADIPOR1",1.66047704555591e-27,0.294818421903443,0.376,0.27,3.56454607369486e-23,"CD14+ Mono","ADIPOR1"
"1470","TRA2B",6.77752120829463e-24,0.352871051865586,0.565,0.482,1.45493047778461e-19,"CD14+ Mono","TRA2B"
"1485","ATP6AP2",2.13221696624082e-22,0.321803812113983,0.481,0.399,4.57723016142917e-18,"CD14+ Mono","ATP6AP2"
"1489","LIPA",7.05763813038882e-22,0.283270498868011,0.269,0.182,1.51506317745057e-17,"CD14+ Mono","LIPA"
"1499","ATP6AP1",5.11957545709631e-21,0.293968789869442,0.399,0.304,1.09901926337487e-16,"CD14+ Mono","ATP6AP1"
"1502","YY1",8.42772648753379e-21,0.295632853637647,0.453,0.358,1.80918004507888e-16,"CD14+ Mono","YY1"
"1512","UBN1",1.09501705451511e-19,0.29786291078215,0.297,0.21,2.35067311092758e-15,"CD14+ Mono","UBN1"
"1522","TOP1",1.09788716786995e-18,0.269367790785852,0.418,0.33,2.35683438326643e-14,"CD14+ Mono","TOP1"
"1523","HNRNPAB",1.6158603433976e-18,0.276498067494876,0.41,0.317,3.46876739917164e-14,"CD14+ Mono","HNRNPAB"
"1525","YPEL5",2.45201570556294e-18,0.331824643700232,0.501,0.421,5.26374211513197e-14,"CD14+ Mono","YPEL5"
"1527","MINK1",4.25440302417513e-18,0.25752382285456,0.265,0.183,9.13292697199675e-14,"CD14+ Mono","MINK1"
"1528","SRSF3",6.28997695020363e-18,0.25715159889762,0.687,0.626,1.35026935190021e-13,"CD14+ Mono","SRSF3"
"1531","IDS",1.80376861809224e-17,0.318917904971479,0.542,0.472,3.87215009245861e-13,"CD14+ Mono","IDS"
"1538","IFI16",3.88825973555754e-17,0.261979592732487,0.43,0.342,8.34692717432137e-13,"CD14+ Mono","IFI16"
"1555","MAP1LC3B",3.86307760619624e-15,0.287895060632107,0.512,0.438,8.29286869722147e-11,"CD14+ Mono","MAP1LC3B"
"1565","ANP32A",1.54225818350396e-13,0.265036655118826,0.564,0.51,3.31076564252796e-09,"CD14+ Mono","ANP32A"
"1566","GSK3B",5.03578060364064e-13,0.259416782237501,0.294,0.227,1.08103102218354e-08,"CD14+ Mono","GSK3B"
"1570","LSM6",7.11836367974688e-12,0.250180901420258,0.421,0.353,1.52809913113126e-07,"CD14+ Mono","LSM6"
"1577","H1FX",0.000402127140861552,0.330875017052434,0.742,0.747,1,"CD14+ Mono","H1FX"
"1589","LYAR",1.34719192126324e-253,0.880679069956967,0.447,0.158,2.8920168973758e-249,"CD8 T","LYAR"
"1597","HLA-B",7.63317427247631e-201,0.332441160688723,1,0.998,1.63861352107249e-196,"CD8 T","HLA-B"
"1640","FKBP11",1.29607448983317e-75,0.368805165036044,0.41,0.237,2.78228310732487e-71,"CD8 T","FKBP11"
"1643","CD81",4.23515156567118e-73,0.439607242927964,0.706,0.557,9.09159986602632e-69,"CD8 T","CD81"
"1645","ETS11",2.49946879528569e-70,0.330115231901578,0.848,0.644,5.36560966283978e-66,"CD8 T","ETS1"
"1684","CDC25B1",8.55301342728469e-46,0.311920950606762,0.521,0.377,1.8360753924352e-41,"CD8 T","CDC25B"
"1695","PIM11",2.48064864929963e-39,0.316070837900416,0.551,0.41,5.32520845545152e-35,"CD8 T","PIM1"
"1697","RBL21",6.21650989492306e-38,0.277621604195449,0.636,0.529,1.33449817914313e-33,"CD8 T","RBL2"
"1703","OPTN",1.51229293543575e-36,0.299503474453558,0.408,0.288,3.24643924449991e-32,"CD8 T","OPTN"
"1725","EGR1",7.36037030300483e-23,0.557955619677943,0.308,0.228,1.58005069294605e-18,"CD8 T","EGR1"
"1726","JUN",1.99955722341369e-11,0.453876951730368,0.828,0.865,4.29244949150218e-07,"CD8 T","JUN"
"1727","IER21",0.00735021360943328,0.262323856980409,0.852,0.874,1,"CD8 T","IER2"
"1762","P2RX5",0,1.49690310055224,0.678,0.058,0,"B","P2RX5"
"1768","CYB561A3",0,1.40280714875492,0.762,0.149,0,"B","CYB561A3"
"1784","COBLL1",0,1.13755578599021,0.525,0.01,0,"B","COBLL1"
"1814","TSPAN13",0,0.805267736306099,0.316,0.009,0,"B","TSPAN13"
"1818","AIM2",0,0.743372504067611,0.368,0.012,0,"B","AIM2"
"1838","HDAC9",5.38209215931702e-300,0.712697472752606,0.38,0.042,1.15537372384058e-295,"B","HDAC9"
"1859","SYNGR21",1.12390452130873e-228,1.18911160339808,0.918,0.477,2.41268583589344e-224,"B","SYNGR2"
"1862","CDCA7L",5.70509839421022e-224,0.591236673751966,0.319,0.04,1.22471347228511e-219,"B","CDCA7L"
"1878","SMARCB1",5.35612936413634e-179,0.937779627107655,0.661,0.232,1.14980029059915e-174,"B","SMARCB1"
"1879","CTSZ1",1.544071009122e-177,0.707232730065952,0.828,0.288,3.31465723528219e-173,"B","CTSZ"
"1890","SMC6",1.3681455563219e-154,0.630175929298009,0.38,0.083,2.93699806575623e-150,"B","SMC6"
"1906","ADAM19",2.58397444072297e-134,0.549024338539975,0.362,0.083,5.5470179319e-130,"B","ADAM19"
"1916","PARP1",5.5220097323623e-123,0.794506378743628,0.739,0.366,1.18540982924622e-118,"B","PARP1"
"1918","CD811",2.71331737983695e-119,0.750526405919702,0.896,0.569,5.82467841929598e-115,"B","CD81"
"1919","TBC1D91",6.8532541449331e-118,0.446940480553018,0.291,0.061,1.47118806729279e-113,"B","TBC1D9"
"1930","SP110",2.51039883665903e-110,0.794179334159419,0.775,0.431,5.38907318265594e-106,"B","SP110"
"1931","SHMT2",6.60412724616142e-109,0.692458737899868,0.528,0.199,1.41770799593347e-104,"B","SHMT2"
"1939","NT5C",7.50224374528721e-104,0.676792852017342,0.653,0.292,1.6105066648008e-99,"B","NT5C"
"1971","ODC1",8.14698772189509e-82,0.576504872163103,0.693,0.368,1.74891385425922e-77,"B","ODC1"
"1988","TCF3",2.25673442528672e-74,0.453282707130969,0.355,0.12,4.84453179076299e-70,"B","TCF3"
"2026","MCM5",2.14002881128264e-56,0.403914728459371,0.33,0.125,4.59399984918045e-52,"B","MCM5"
"2051","PHTF2",1.83139381377038e-46,0.365226550493983,0.38,0.168,3.93145310002088e-42,"B","PHTF2"
"2058","ZBTB20",4.22095270516537e-45,0.406708210290976,0.435,0.212,9.0611191721785e-41,"B","ZBTB20"
"2059","TIFA",1.3269694225891e-44,0.348175025373938,0.301,0.122,2.84860525947202e-40,"B","TIFA"
"2065","IFI161",1.02139197803984e-43,0.439276184573309,0.589,0.34,2.19262215925812e-39,"B","IFI16"
"2075","SAMD9L",3.63444024634047e-42,0.296239905314169,0.251,0.094,7.80205287681909e-38,"B","SAMD9L"
"2082","ELL2",1.37138594675704e-40,0.265506343612525,0.254,0.096,2.94395421190334e-36,"B","ELL2"
"2086","IRF51",2.38255365896525e-39,0.2569828523037,0.299,0.124,5.11462793970069e-35,"B","IRF5"
"2092","ISCU",3.90193402243321e-38,0.403456134319979,0.802,0.584,8.37628176595737e-34,"B","ISCU"
"2096","RB11",2.20331237796659e-37,0.338797592984617,0.418,0.213,4.72985068178087e-33,"B","RB1"
"2103","RPL22L1",1.44746384503234e-35,0.444335254228208,0.673,0.451,3.10727063613092e-31,"B","RPL22L1"
"2107","INPP5D1",6.73571876131999e-35,0.377281839178254,0.535,0.319,1.44595674649256e-30,"B","INPP5D"
"2108","MAP3K12",1.02187167294185e-34,0.375067220555885,0.547,0.323,2.19365192030427e-30,"B","MAP3K1"
"2124","MIS18BP11",5.34039059163643e-32,0.332922656928306,0.43,0.231,1.14642164830659e-27,"B","MIS18BP1"
"2125","GINM1",9.54669378317149e-32,0.303506534378871,0.339,0.168,2.04938875443342e-27,"B","GINM1"
"2134","FAM214A",2.43284267655955e-30,0.293700367418237,0.282,0.13,5.22258337377039e-26,"B","FAM214A"
"2136","RBM38",5.84895442538981e-30,0.428860183648555,0.624,0.424,1.25559504649843e-25,"B","RBM38"
"2137","SNX5",1.38052890246751e-29,0.33500944417646,0.472,0.275,2.963581394927e-25,"B","SNX5"
"2138","TMEM131",2.31048652673821e-29,0.274470526703485,0.34,0.172,4.95992142694892e-25,"B","TMEM131"
"2139","PPP1CC",2.65938294759786e-29,0.361279717479881,0.653,0.444,5.70889737360832e-25,"B","PPP1CC"
"2145","MORC3",7.97504318454886e-29,0.341564829895166,0.439,0.251,1.7120025204271e-24,"B","MORC3"
"2147","SMCHD1",2.74405357410538e-28,0.334224185650503,0.79,0.604,5.89065980753202e-24,"B","SMCHD1"
"2161","TAPBP",3.09283880157765e-26,0.324750847330169,0.765,0.583,6.63939705534673e-22,"B","TAPBP"
"2182","RNASET21",3.9561433721715e-24,0.259771402308655,0.846,0.666,8.49265297704056e-20,"B","RNASET2"
"2189","TRIM22",1.14158237123864e-22,0.329114638630056,0.626,0.444,2.450634876338e-18,"B","TRIM22"
"2195","MARCKSL1",7.58870362535659e-22,0.43369305061848,0.524,0.365,1.6290670072553e-17,"B","MARCKSL1"
"2202","SLC44A2",1.43442397122523e-20,0.25349604084911,0.547,0.354,3.07927793902919e-16,"B","SLC44A2"
"2212","SET",2.5178730756683e-18,0.266191825901583,0.842,0.699,5.40511813153714e-14,"B","SET"
"2253","PRSS23",0,1.27730962434498,0.403,0.003,0,"NK","PRSS23"
"2262","IFNG",1.23525700151935e-247,1.35133075941677,0.284,0.015,2.65172620516159e-243,"NK","IFNG"
"2273","IGFBP7",6.7058346271869e-171,1.57541631849749,0.378,0.046,1.43954151941821e-166,"NK","IGFBP7"
"2285","CEP78",5.15108418450976e-137,1.08270740205901,0.449,0.08,1.10578324188871e-132,"NK","CEP78"
"2290","HLA-B1",4.63390680578338e-120,0.654669116457328,1,0.999,9.94760773997517e-116,"NK","HLA-B"
"2299","CTSC",8.6641885940901e-96,1.27779654255702,0.764,0.357,1.85994136549332e-91,"NK","CTSC"
"2318","CD812",1.54833685558388e-77,1.05261871357649,0.866,0.582,3.32381472788192e-73,"NK","CD81"
"2327","GNG2",6.7657693878322e-73,1.1103025379492,0.719,0.375,1.45240771448594e-68,"NK","GNG2"
"2334","RASSF1",5.5244769766437e-69,0.992196148345412,0.653,0.301,1.1859394725761e-64,"NK","RASSF1"
"2358","TGFB1",4.63868610365171e-52,0.759676381205825,0.915,0.748,9.95786745870912e-48,"NK","TGFB1"
"2359","UBB",5.92073100231375e-52,0.782145057260889,0.94,0.862,1.27100332426669e-47,"NK","UBB"
"2362","LYAR1",1.92850366998458e-51,0.81847262482751,0.52,0.213,4.13991882835589e-47,"NK","LYAR"
"2366","ID21",7.08592431659032e-48,0.9456849502306,0.716,0.422,1.52113537304244e-43,"NK","ID2"
"2372","DBI1",1.73771589153168e-45,0.804016784188249,0.759,0.506,3.73035470435107e-41,"NK","DBI"
"2382","DHRS7",3.04754684368638e-42,0.79013994253387,0.696,0.441,6.54216880934155e-38,"NK","DHRS7"
"2406","MAPK11",5.64360088449627e-35,0.746200297098114,0.528,0.292,1.21151180187482e-30,"NK","MAPK1"
"2429","MSN1",6.3095376296335e-29,0.682549967811869,0.807,0.663,1.35446844295342e-24,"NK","MSN"
"2440","IGF2R1",1.99047284544738e-27,0.689402088408701,0.443,0.237,4.27294805732188e-23,"NK","IGF2R"
"2450","G6PD1",5.08060647691224e-25,0.580601277394508,0.403,0.205,1.09065379239875e-20,"NK","G6PD"
"2477","PSME1",2.31887802989175e-21,0.463042871146595,0.906,0.861,4.97793546676861e-17,"NK","PSME1"
"2479","CTSD1",5.86845318158545e-21,0.46200466912934,0.699,0.515,1.25978084449095e-16,"NK","CTSD"
"2482","ATP2B4",1.34669706379305e-20,0.509496051240559,0.355,0.183,2.89095458684455e-16,"NK","ATP2B4"
"2501","ARHGEF3",2.34482779805178e-19,0.576056882263519,0.438,0.269,5.03364183407776e-15,"NK","ARHGEF3"
"2509","YPEL3",9.2830589102275e-19,0.520402481047917,0.818,0.724,1.99279425625854e-14,"NK","YPEL3"
"2511","CALR",1.57177727365975e-18,0.629116976240444,0.739,0.64,3.37413427336539e-14,"NK","CALR"
"2512","OPTN1",2.42718219869753e-18,0.505096834984741,0.486,0.309,5.21043202594398e-14,"NK","OPTN"
"2522","H3F3B1",3.37336774831149e-17,0.375590713996118,0.98,0.988,7.24160854530028e-13,"NK","H3F3B"
"2525","C1orf174",6.55357991043909e-17,0.419527091367532,0.293,0.149,1.40685699937396e-12,"NK","C1orf174"
"2538","VAMP21",5.91127909508867e-16,0.394092622866422,0.858,0.788,1.26897428334269e-11,"NK","VAMP2"
"2539","IFI162",7.05050210921222e-16,0.546530147859627,0.497,0.352,1.51353128778459e-11,"NK","IFI16"
"2549","GABARAPL11",2.59653935636841e-15,0.46135154103673,0.278,0.14,5.57399103631607e-11,"NK","GABARAPL1"
"2552","SELENOW",4.17864622928578e-15,0.428870848398921,0.659,0.548,8.97029986040777e-11,"NK","SELENOW"
"2562","TAP1",4.85480900107613e-14,0.491562595528888,0.585,0.456,1.04218184826101e-09,"NK","TAP1"
"2568","TUBB4B",1.15717995239478e-13,0.552650592081067,0.557,0.423,2.48411820380588e-09,"NK","TUBB4B"
"2569","TMEM59",1.43311481541212e-13,0.472795818635461,0.662,0.576,3.07646757424519e-09,"NK","TMEM59"
"2572","CDKN2D",2.10433537501553e-13,0.403511416212591,0.514,0.388,4.51737674954585e-09,"NK","CDKN2D"
"2585","NT5C1",1.67937781470305e-12,0.482748108457175,0.44,0.311,3.60512035482305e-08,"NK","NT5C"
"2589","HSPA5",2.88249891902357e-12,0.469776180179823,0.614,0.524,6.1878604294679e-08,"NK","HSPA5"
"2592","ZBTB7A1",4.17210559165563e-12,0.424490701498132,0.545,0.421,8.95625907360713e-08,"NK","ZBTB7A"
"2593","HNRNPDL",4.58003620482228e-12,0.348161770429001,0.903,0.849,9.83196372089198e-08,"NK","HNRNPDL"
"2597","IDS1",5.28161551703906e-12,0.425580067688972,0.582,0.48,1.13380440304277e-07,"NK","IDS"
"2598","ATM",5.70857676892287e-12,0.420497058494193,0.628,0.511,1.22546017498467e-07,"NK","ATM"
"2605","TADA3",1.41510329977622e-11,0.43580256552657,0.403,0.281,3.03780225362962e-07,"NK","TADA3"
"2606","HMGB1",1.42441512872538e-11,0.342482068088885,0.903,0.903,3.05779195683478e-07,"NK","HMGB1"
"2620","RPS6KA1",4.834934613251e-11,0.404175374614027,0.378,0.259,1.03791541342659e-06,"NK","RPS6KA1"
"2633","SLC44A21",2.41690275091609e-10,0.387248703987499,0.483,0.363,5.18836513539158e-06,"NK","SLC44A2"
"2641","HSPB11",4.8947457785398e-10,0.336433030352894,0.352,0.235,1.05075507627914e-05,"NK","HSPB11"
"2643","CDC421",5.60209686445755e-10,0.331399140846294,0.798,0.781,1.2026021338931e-05,"NK","CDC42"
"2644","PIN1",5.66105768481294e-10,0.370862025516179,0.44,0.331,1.21525925319879e-05,"NK","PIN1"
"2647","AKT1",6.7887975286252e-10,0.369067853583472,0.349,0.234,1.45735116546997e-05,"NK","AKT1"
"2668","MAP1LC3B1",2.53278773237914e-09,0.405438134737164,0.531,0.447,5.4371354250983e-05,"NK","MAP1LC3B"
"2674","TRPV2",4.35610774163468e-09,0.326996096489896,0.324,0.215,9.35125648896716e-05,"NK","TRPV2"
"2682","MXD41",7.70706556689631e-09,0.362933258457196,0.361,0.257,0.000165447576524563,"NK","MXD4"
"2683","BUB3",7.89222981965438e-09,0.339724307265261,0.551,0.463,0.000169422497538521,"NK","BUB3"
"2684","MAD2L2",8.2637765385136e-09,0.372077761423413,0.267,0.166,0.000177398490952271,"NK","MAD2L2"
"2690","GLS",1.18926492458257e-08,0.349126215759469,0.548,0.464,0.000255299501360139,"NK","GLS"
"2693","AKR1B1",1.51051926711429e-08,0.324287870183593,0.395,0.291,0.000324263171071424,"NK","AKR1B1"
"2704","SRSF31",2.67996343220941e-08,0.308994859320493,0.679,0.634,0.000575307749992395,"NK","SRSF3"
"2705","CYFIP2",2.82992527410433e-08,0.410038030144763,0.562,0.492,0.000607500058591977,"NK","CYFIP2"
"2710","FKBP111",3.52471733285278e-08,0.358475641047267,0.375,0.272,0.000756651069843506,"NK","FKBP11"
"2713","INPP5D2",3.97980853219544e-08,0.382524649984826,0.423,0.33,0.000854345497606395,"NK","INPP5D"
"2715","RBBP7",4.78869959496794e-08,0.338957930455031,0.375,0.279,0.00102799014205177,"NK","RBBP7"
"2723","UCHL5",6.92688006385201e-08,0.340400602742131,0.267,0.178,0.00148699334330711,"NK","UCHL5"
"2727","IER22",9.89752337753695e-08,0.35957454433608,0.872,0.869,0.00212470134345586,"NK","IER2"
"2748","FIS1",3.40453528782303e-07,0.30479406571991,0.599,0.536,0.00730851590236971,"NK","FIS1"
"2750","SRSF7",3.88175462341597e-07,0.27766698864144,0.821,0.804,0.00833296265008706,"NK","SRSF7"
"2752","UBE2S1",3.96551662049894e-07,0.41490095060416,0.491,0.411,0.00851277452922508,"NK","UBE2S"
"2763","TRIM221",6.56980372302875e-07,0.370887006322574,0.517,0.454,0.0141033976522258,"NK","TRIM22"
"2764","PLEKHA1",6.57316160424328e-07,0.352950148791287,0.293,0.205,0.014110606015829,"NK","PLEKHA1"
"2768","TAPBP1",1.04781858525794e-06,0.309498826686831,0.651,0.593,0.0224935215697322,"NK","TAPBP"
"2787","COQ10B",2.50930275861568e-06,0.288976866064175,0.261,0.18,0.0538672023192027,"NK","COQ10B"
"2805","RBM381",6.52120302324516e-06,0.280150409170544,0.514,0.434,0.139990665300004,"NK","RBM38"
"2806","DAXX",6.57362985529851e-06,0.308190457622565,0.364,0.288,0.141116112103693,"NK","DAXX"
"2815","MGMT",8.65155520053639e-06,0.309753456489762,0.33,0.256,0.185722935489915,"NK","MGMT"
"2832","HNRNPA3",1.85137903346858e-05,0.27538905848445,0.69,0.672,0.397435537114701,"NK","HNRNPA3"
"2839","H2AFX",2.5397890779031e-05,0.348303697796808,0.389,0.321,0.545216521353459,"NK","H2AFX"
"2862","LRP10",6.10788222173861e-05,0.288211426205304,0.423,0.372,1,"NK","LRP10"
"2876","TMEM9B",0.0001116207387303,0.297462513864812,0.31,0.249,1,"NK","TMEM9B"
"2879","GSDMD",0.000113416906481367,0.256901915463554,0.372,0.316,1,"NK","GSDMD"
"2880","CCND21",0.000119204830491886,0.271435791717313,0.378,0.305,1,"NK","CCND2"
"2881","ZNF22",0.000127341729345212,0.273158297642119,0.287,0.223,1,"NK","ZNF22"
"2884","MAP2K31",0.000150477761567923,0.256677252770532,0.327,0.265,1,"NK","MAP2K3"
"2913","BANF1",0.000650933188289189,0.272951407608768,0.494,0.471,1,"NK","BANF1"
"2915","CBX4",0.000712418239601283,0.285580637891001,0.429,0.384,1,"NK","CBX4"
"2918","CALCOCO1",0.00092827566218899,0.296968781764353,0.253,0.198,1,"NK","CALCOCO1"
"2923","JUN1",0.00120366789604722,0.522415256868047,0.812,0.858,1,"NK","JUN"
"2933","BTG2",0.00216343116376949,0.465781328550748,0.611,0.631,1,"NK","BTG2"
"2937","NUCKS1",0.00391164367687768,0.267122101882043,0.557,0.555,1,"NK","NUCKS1"
"2940","RELA",0.00445622323372997,0.250182136525424,0.344,0.31,1,"NK","RELA"
"2950","IFITM3",0,2.64995186228787,0.778,0.059,0,"CD16+ Mono","IFITM3"
"2976","CKB",0,1.00991651268961,0.443,0.011,0,"CD16+ Mono","CKB"
"2980","CALML4",0,0.782337235525016,0.567,0.027,0,"CD16+ Mono","CALML4"
"2981","PAPSS2",0,0.687411469762424,0.429,0.007,0,"CD16+ Mono","PAPSS2"
"3001","SLC31A21",1.41620390101869e-278,1.18372059400754,0.709,0.06,3.04016491431682e-274,"CD16+ Mono","SLC31A2"
"3017","DUSP61",1.92913883889892e-252,1.70462615243171,0.931,0.121,4.14128234546431e-248,"CD16+ Mono","DUSP6"
"3025","LPCAT2",3.11893193102882e-233,0.735746533753467,0.507,0.035,6.69541117633957e-229,"CD16+ Mono","LPCAT2"
"3029","CPPED11",1.01905876512215e-229,1.36381321839616,0.882,0.117,2.18761345108771e-225,"CD16+ Mono","CPPED1"
"3054","RBBP8",5.7574560152125e-205,0.621736918437281,0.453,0.032,1.23595308278567e-200,"CD16+ Mono","RBBP8"
"3065","RRAS",1.9884277739364e-191,1.20111306463305,0.818,0.12,4.26855790230927e-187,"CD16+ Mono","RRAS"
"3073","TAGLN",2.09950235469476e-185,0.594763037516745,0.404,0.028,4.50700170482324e-181,"CD16+ Mono","TAGLN"
"3075","SORT1",6.34624639034714e-184,0.544874856477362,0.419,0.03,1.36234871261582e-179,"CD16+ Mono","SORT1"
"3076","IRAK31",1.11264465027156e-179,0.864671843867739,0.69,0.083,2.38851427073797e-175,"CD16+ Mono","IRAK3"
"3083","LGALS91",5.78009296721884e-173,1.62869803297672,0.975,0.22,1.24081255727287e-168,"CD16+ Mono","LGALS9"
"3084","PLAUR1",4.75354016026793e-172,1.26916125412587,0.911,0.153,1.02044246620472e-167,"CD16+ Mono","PLAUR"
"3115","TNFRSF1B1",7.40302970192793e-148,2.17175767530908,0.995,0.377,1.58920838611287e-143,"CD16+ Mono","TNFRSF1B"
"3121","INSIG1",6.6983900971956e-145,1.12011404411576,0.773,0.138,1.43794340216498e-140,"CD16+ Mono","INSIG1"
"3122","EMILIN21",3.09040400929256e-144,1.11418722925371,0.837,0.154,6.63417028674835e-140,"CD16+ Mono","EMILIN2"
"3127","TIMP21",8.94619911043355e-142,0.929215452336303,0.833,0.145,1.92048056303677e-137,"CD16+ Mono","TIMP2"
"3130","ASAH11",6.50486845376831e-138,1.80985045454305,0.99,0.344,1.39640011097044e-133,"CD16+ Mono","ASAH1"
"3148","SLC43A21",2.10387659315674e-129,0.82586001311933,0.65,0.102,4.51639188252957e-125,"CD16+ Mono","SLC43A2"
"3156","IRF52",1.66423482472817e-124,0.864864422731038,0.714,0.125,3.57261289824396e-120,"CD16+ Mono","IRF5"
"3160","NPC21",2.84135046694188e-123,1.71268298918662,0.99,0.415,6.09952704738414e-119,"CD16+ Mono","NPC2"
"3162","SULF21",8.00319595751532e-123,0.818200939002999,0.685,0.112,1.71804607619981e-118,"CD16+ Mono","SULF2"
"3166","NAMPT1",3.52668942448333e-120,1.23894480078571,0.906,0.221,7.57074418753837e-116,"CD16+ Mono","NAMPT"
"3177","MAPKAPK31",7.24771577744907e-117,1.1585305335193,0.862,0.213,1.55586714594499e-112,"CD16+ Mono","MAPKAPK3"
"3182","IFIT2",6.06144070520472e-116,0.641224120497131,0.443,0.053,1.3012094761863e-111,"CD16+ Mono","IFIT2"
"3183","GPR137B",6.67502354691206e-116,0.548784741891928,0.473,0.059,1.43292730481561e-111,"CD16+ Mono","GPR137B"
"3184","SAT11",1.17816713774331e-114,2.52338869670568,1,0.699,2.52917139459356e-110,"CD16+ Mono","SAT1"
"3187","TNFSF131",5.88622883561441e-114,0.786466729638211,0.68,0.118,1.26359674414134e-109,"CD16+ Mono","TNFSF13"
"3191","SLC16A31",2.91943854422231e-113,0.864229182486319,0.749,0.148,6.26715872288203e-109,"CD16+ Mono","SLC16A3"
"3192","MCOLN11",4.52014002479022e-113,0.690306910106373,0.571,0.088,9.70338459121716e-109,"CD16+ Mono","MCOLN1"
"3195","FTH11",5.44384438693311e-112,2.19276878021358,1,0.997,1.16863007454293e-107,"CD16+ Mono","FTH1"
"3197","CTSC1",1.31477303580588e-111,1.59496266558671,0.956,0.359,2.82242327596448e-107,"CD16+ Mono","CTSC"
"3199","CASP11",2.53999820543777e-111,1.24795765834262,0.911,0.26,5.45261414761326e-107,"CD16+ Mono","CASP1"
"3201","CTSZ2",3.08798501236383e-111,1.43972292030053,0.97,0.311,6.62897742604144e-107,"CD16+ Mono","CTSZ"
"3204","CEBPB1",5.22853076193062e-110,1.52361476977418,0.99,0.399,1.12240869866365e-105,"CD16+ Mono","CEBPB"
"3205","NINJ11",2.06378585733999e-109,1.1504724997275,0.857,0.219,4.43032909995175e-105,"CD16+ Mono","NINJ1"
"3216","ANXA51",6.80080356163114e-105,1.4356680114875,0.985,0.411,1.45992850057536e-100,"CD16+ Mono","ANXA5"
"3220","PYCARD1",1.29914099634302e-103,1.42607154177999,0.985,0.375,2.78886597684956e-99,"CD16+ Mono","PYCARD"
"3222","LRP11",1.43855419169413e-102,0.633763652584039,0.739,0.139,3.08814428330979e-98,"CD16+ Mono","LRP1"
"3232","BRI31",2.69002771529015e-99,1.47805898913122,0.99,0.462,5.77468249641336e-95,"CD16+ Mono","BRI3"
"3236","ATP6V0C1",1.03993184224138e-97,1.3302474895435,1,0.698,2.23242168573957e-93,"CD16+ Mono","ATP6V0C"
"3241","KIAA09301",5.44267040333708e-97,0.604024960281589,0.581,0.101,1.16837805548437e-92,"CD16+ Mono","KIAA0930"
"3260","YBX11",2.2483678675449e-92,1.10163661579538,1,0.908,4.82657130125865e-88,"CD16+ Mono","YBX1"
"3268","COQ2",6.91389008680473e-91,0.497025043327467,0.458,0.069,1.48420478493437e-86,"CD16+ Mono","COQ2"
"3285","FAM214B",3.99273255359249e-88,0.513059478239502,0.419,0.06,8.57119897279699e-84,"CD16+ Mono","FAM214B"
"3289","FRY",5.71474726589179e-87,0.569191693142156,0.512,0.087,1.22678479556899e-82,"CD16+ Mono","FRY"
"3290","PRKCD1",1.04803947767424e-86,0.69937822778353,0.739,0.169,2.24982634672329e-82,"CD16+ Mono","PRKCD"
"3293","RNASET22",3.81801770060253e-86,1.28130073085307,0.995,0.672,8.19613859788345e-82,"CD16+ Mono","RNASET2"
"3295","PLXDC21",8.99647546233494e-86,0.530263104969645,0.552,0.097,1.93127338749944e-81,"CD16+ Mono","PLXDC2"
"3296","SLC43A3",1.02189501557515e-85,0.48500815254524,0.443,0.068,2.19370202993517e-81,"CD16+ Mono","SLC43A3"
"3301","TNFSF101",2.3286942454824e-84,1.22274033146933,0.857,0.271,4.99900793677706e-80,"CD16+ Mono","TNFSF10"
"3325","MIS18BP12",1.15832132953676e-80,0.869613542456371,0.823,0.234,2.48656839811655e-76,"CD16+ Mono","MIS18BP1"
"3333","ZFAND51",7.81667106078505e-80,1.246333370322,0.966,0.416,1.67800477661873e-75,"CD16+ Mono","ZFAND5"
"3337","RHOA1",1.98953518994995e-78,1.0430209923834,0.995,0.881,4.27093519226556e-74,"CD16+ Mono","RHOA"
"3343","PSTPIP2",1.66339760637067e-77,0.607974457682155,0.512,0.098,3.57081564159591e-73,"CD16+ Mono","PSTPIP2"
"3349","SOD21",1.51085340266279e-76,1.2444235153117,0.921,0.363,3.2433489994962e-72,"CD16+ Mono","SOD2"
"3351","MSN2",1.36619180831593e-75,1.14839771951164,0.99,0.662,2.9328039549118e-71,"CD16+ Mono","MSN"
"3365","JDP21",7.32223081786579e-74,0.449676531102777,0.404,0.064,1.57186328967125e-69,"CD16+ Mono","JDP2"
"3367","H3F3A1",1.37372436661052e-73,0.920699726484573,1,0.965,2.9489740978028e-69,"CD16+ Mono","H3F3A"
"3370","GABARAP1",9.27260393600537e-73,1.04413255464125,1,0.865,1.99054988694227e-68,"CD16+ Mono","GABARAP"
"3372","GRN1",2.08584429949379e-72,0.804137731966272,0.921,0.289,4.47768195772332e-68,"CD16+ Mono","GRN"
"3382","JAK21",6.80138583006836e-71,0.567493002162575,0.576,0.126,1.46005349614077e-66,"CD16+ Mono","JAK2"
"3408","S100A61",5.18653962767936e-68,1.14443161108127,1,0.923,1.11339446187393e-63,"CD16+ Mono","S100A6"
"3409","ENG",5.3286696136645e-68,0.370875219548048,0.345,0.052,1.14390550596536e-63,"CD16+ Mono","ENG"
"3411","GRINA1",5.5181697801278e-68,0.885437734804807,0.887,0.31,1.18458550670003e-63,"CD16+ Mono","GRINA"
"3422","MAP2K32",2.61948917928924e-66,0.832400664787057,0.798,0.258,5.6232574211802e-62,"CD16+ Mono","MAP2K3"
"3423","ETS21",4.01011103445008e-66,0.446550957356751,0.438,0.08,8.60850535765398e-62,"CD16+ Mono","ETS2"
"3437","SYNGR22",4.58752452686115e-64,0.981007023442926,0.961,0.497,9.84803890181283e-60,"CD16+ Mono","SYNGR2"
"3451","ATP6V0D11",2.32143791786593e-62,0.813838301072047,0.857,0.317,4.98343077828278e-58,"CD16+ Mono","ATP6V0D1"
"3456","PLEKHO11",4.97849434601832e-62,0.796294208638702,0.926,0.341,1.06873338125975e-57,"CD16+ Mono","PLEKHO1"
"3470","CTSB1",9.18402680864668e-61,0.865572746494237,0.926,0.376,1.97153503501218e-56,"CD16+ Mono","CTSB"
"3474","OTUD1",2.65489550054736e-60,0.557234210682806,0.389,0.072,5.69926417102502e-56,"CD16+ Mono","OTUD1"
"3476","SLC25A51",4.25131345908968e-60,0.989258703484226,0.98,0.648,9.12629460262782e-56,"CD16+ Mono","SLC25A5"
"3507","ZBTB7A2",4.35174971865259e-56,0.901332409931962,0.926,0.416,9.34190112103151e-52,"CD16+ Mono","ZBTB7A"
"3508","APH1B",5.47079765541425e-56,0.432119976663238,0.399,0.077,1.17441613268778e-51,"CD16+ Mono","APH1B"
"3510","OGFRL11",2.5968465486334e-55,0.49997451543991,0.631,0.167,5.57465048595133e-51,"CD16+ Mono","OGFRL1"
"3517","BACH11",1.71522043086602e-54,0.629408880401383,0.631,0.177,3.68206369894009e-50,"CD16+ Mono","BACH1"
"3524","SVIL",1.75162292468148e-53,0.495813560976899,0.537,0.131,3.76020893241372e-49,"CD16+ Mono","SVIL"
"3527","PHF19",4.88657706638582e-53,0.434002132305053,0.448,0.098,1.04900149884104e-48,"CD16+ Mono","PHF19"
"3544","CKS1B",4.82608947188193e-51,0.351517279183272,0.384,0.076,1.03601662692889e-46,"CD16+ Mono","CKS1B"
"3554","HSPA1A1",9.53443906505233e-50,0.783712803583572,0.606,0.182,2.04675803409478e-45,"CD16+ Mono","HSPA1A"
"3563","IMPA21",7.61741804602956e-49,0.339905709985699,0.389,0.081,1.63523113194116e-44,"CD16+ Mono","IMPA2"
"3570","DNASE1L1",2.77072965761114e-48,0.305080459333688,0.325,0.061,5.94792535599382e-44,"CD16+ Mono","DNASE1L1"
"3577","TMEM1271",1.27146257034874e-47,0.485499634835677,0.576,0.161,2.72944869976763e-43,"CD16+ Mono","TMEM127"
"3582","LIPA1",1.90504798206801e-47,0.612327397362344,0.621,0.188,4.0895665031054e-43,"CD16+ Mono","LIPA"
"3586","MTHFD2",3.71865910637661e-47,0.474517421732509,0.453,0.111,7.98284550365868e-43,"CD16+ Mono","MTHFD2"
"3587","GLUL1",4.28393683706239e-47,0.675246178520927,0.685,0.227,9.19632720812183e-43,"CD16+ Mono","GLUL"
"3589","ENY21",6.30936294418018e-47,0.785763737046392,0.892,0.419,1.35443094322716e-42,"CD16+ Mono","ENY2"
"3591","EIF4EBP11",8.94186495764751e-47,0.478676302943261,0.537,0.145,1.91955015045819e-42,"CD16+ Mono","EIF4EBP1"
"3595","MAST3",1.55387409725174e-46,0.40083103542301,0.433,0.101,3.3357015245703e-42,"CD16+ Mono","MAST3"
"3596","HEG1",2.02956866070597e-46,0.372590643833032,0.34,0.068,4.3568750439375e-42,"CD16+ Mono","HEG1"
"3602","SOX41",5.06929724674811e-46,0.384752864781944,0.414,0.095,1.08822603995942e-41,"CD16+ Mono","SOX4"
"3603","ATP10D",5.56989342509964e-46,0.269119269549354,0.261,0.043,1.19568902156614e-41,"CD16+ Mono","ATP10D"
"3604","SIPA1L1",7.72551577342311e-46,0.399934037338692,0.438,0.104,1.65843647108074e-41,"CD16+ Mono","SIPA1L1"
"3608","TIGAR",1.90080040483256e-45,0.30344569806163,0.325,0.063,4.08044822905406e-41,"CD16+ Mono","TIGAR"
"3629","SKIL",5.90432914439291e-43,0.30837686355574,0.325,0.066,1.26748233742683e-38,"CD16+ Mono","SKIL"
"3646","MAPK7",7.48804574179003e-42,0.325887816752787,0.355,0.077,1.60745877939007e-37,"CD16+ Mono","MAPK7"
"3651","MBOAT1",2.09325957780031e-41,0.254110287598438,0.296,0.057,4.49360033566392e-37,"CD16+ Mono","MBOAT1"
"3658","CTSD2",7.7925351729006e-41,0.580753519370004,0.951,0.513,1.67282352556657e-36,"CD16+ Mono","CTSD"
"3660","GUSB1",9.72273286247426e-41,0.491321975599651,0.621,0.198,2.08717906358735e-36,"CD16+ Mono","GUSB"
"3668","RAC11",2.95667779964419e-40,0.617344535344849,0.98,0.593,6.34710023249619e-36,"CD16+ Mono","RAC1"
"3674","SNX51",1.12898074763684e-39,0.582520155389368,0.734,0.28,2.42358297095201e-35,"CD16+ Mono","SNX5"
"3675","MAPK12",1.26115849252418e-39,0.59210233342491,0.749,0.291,2.70732893590167e-35,"CD16+ Mono","MAPK1"
"3698","MAP3K13",8.00271869310534e-38,0.680765271574183,0.764,0.33,1.71794362184892e-33,"CD16+ Mono","MAP3K1"
"3714","TUBA1B",6.45441933302347e-37,0.898485172379791,0.951,0.682,1.38557019822015e-32,"CD16+ Mono","TUBA1B"
"3718","CYSTM1",1.41298501547256e-36,0.263217060496578,0.276,0.056,3.03325493271494e-32,"CD16+ Mono","CYSTM1"
"3730","RIOK31",6.45172514269384e-36,0.51248339221604,0.724,0.277,1.38499183638209e-31,"CD16+ Mono","RIOK3"
"3731","UBC1",6.74188179769805e-36,0.626851800903436,1,0.98,1.44727976551184e-31,"CD16+ Mono","UBC"
"3732","ANXA4",7.33054882778722e-36,0.361806015818876,0.365,0.092,1.57364891686108e-31,"CD16+ Mono","ANXA4"
"3747","ITM2B1",3.53239869098521e-35,0.584308572212377,0.995,0.954,7.58300026993795e-31,"CD16+ Mono","ITM2B"
"3762","MFSD11",1.515176311812e-34,0.390626343638207,0.626,0.216,3.25262898856682e-30,"CD16+ Mono","MFSD1"
"3779","FUCA1",1.08021720323623e-33,0.275144954772143,0.3,0.068,2.31890227018722e-29,"CD16+ Mono","FUCA1"
"3783","GNG21",1.75396518102135e-33,0.661730955667305,0.803,0.377,3.76523705409854e-29,"CD16+ Mono","GNG2"
"3790","PHTF21",3.12533440547437e-33,0.443849713936113,0.532,0.176,6.70915536823183e-29,"CD16+ Mono","PHTF2"
"3792","IRF7",3.79888021271788e-33,0.420767421150909,0.635,0.236,8.15505615264147e-29,"CD16+ Mono","IRF7"
"3801","PGD1",1.38650588690338e-32,0.325451673673042,0.704,0.262,2.97641218741549e-28,"CD16+ Mono","PGD"
"3802","REEP51",1.48208834792017e-32,0.553408059104775,0.803,0.352,3.18159905648024e-28,"CD16+ Mono","REEP5"
"3804","TANGO2",1.58796811910035e-32,0.312803226500444,0.404,0.113,3.40889116127272e-28,"CD16+ Mono","TANGO2"
"3809","NABP11",4.73921780630398e-32,0.38894517845165,0.542,0.181,1.01736788647927e-27,"CD16+ Mono","NABP1"
"3816","MARCKSL11",2.01432056118434e-31,0.819322587832044,0.768,0.368,4.32414194869441e-27,"CD16+ Mono","MARCKSL1"
"3824","MANBA1",6.44826621447287e-31,0.412629226429548,0.542,0.187,1.38424930826089e-26,"CD16+ Mono","MANBA"
"3845","PEA151",4.88143983212845e-30,0.388841110349967,0.419,0.127,1.04789868876301e-25,"CD16+ Mono","PEA15"
"3847","H2AFZ",8.1176657095955e-30,0.611883601500343,0.966,0.64,1.74261929787887e-25,"CD16+ Mono","H2AFZ"
"3858","CDC422",4.52012576469948e-29,0.583517811644488,0.975,0.778,9.70335397908037e-25,"CD16+ Mono","CDC42"
"3869","HMGN2",1.74463398589057e-28,0.5908055766678,0.99,0.79,3.74520577751129e-24,"CD16+ Mono","HMGN2"
"3870","PHC21",2.24408281267082e-28,0.371747015596281,0.478,0.158,4.81737257396046e-24,"CD16+ Mono","PHC2"
"3876","CRYL1",7.81085633524406e-28,0.291243907134322,0.404,0.123,1.67675652948684e-23,"CD16+ Mono","CRYL1"
"3888","INPP5D3",1.85962398849283e-27,0.436603571318476,0.754,0.325,3.99205481609756e-23,"CD16+ Mono","INPP5D"
"3901","TMPO",6.71037125576158e-27,0.595433270774535,0.759,0.367,1.44051539747434e-22,"CD16+ Mono","TMPO"
"3904","CDKN1A1",9.13191723027831e-27,0.443489609388216,0.36,0.11,1.96034867182385e-22,"CD16+ Mono","CDKN1A"
"3913","RB12",4.39109511384144e-26,0.377240543207843,0.571,0.22,9.42636388088341e-22,"CD16+ Mono","RB1"
"3925","PTMA",1.6164951318614e-25,0.367107946618674,1,0.998,3.47013009956688e-21,"CD16+ Mono","PTMA"
"3926","MXD11",1.95240941021577e-25,0.393821707609172,0.473,0.171,4.1912372809102e-21,"CD16+ Mono","MXD1"
"3927","HAGH",2.52948089532712e-25,0.373476530929026,0.606,0.235,5.43003663799872e-21,"CD16+ Mono","HAGH"
"3939","STAT61",1.11992751473042e-24,0.444177848552686,0.739,0.319,2.4041483958718e-20,"CD16+ Mono","STAT6"
"3944","TNF",3.54526327211449e-24,0.385238929206195,0.384,0.127,7.61061666624817e-20,"CD16+ Mono","TNF"
"3952","MAPKAPK2",1.03136753113175e-23,0.322028140651119,0.498,0.185,2.21403667908053e-19,"CD16+ Mono","MAPKAPK2"
"3964","RBX1",2.58522261220775e-23,0.474199365729746,0.897,0.482,5.54969738162638e-19,"CD16+ Mono","RBX1"
"3966","SLC44A22",2.90352237864023e-23,0.432459057611944,0.764,0.359,6.23299149022697e-19,"CD16+ Mono","SLC44A2"
"3969","UBE2D11",3.24230247930506e-23,0.306607707882723,0.581,0.225,6.96025073232418e-19,"CD16+ Mono","UBE2D1"
"3970","OSTM1",3.71804373471246e-23,0.274140309055415,0.493,0.177,7.98152448530725e-19,"CD16+ Mono","OSTM1"
"3986","MXD42",1.17926863287884e-22,0.382650502544388,0.611,0.254,2.531535974201e-18,"CD16+ Mono","MXD4"
"3992","ISG15",1.95333429795627e-22,0.48392874095521,0.665,0.298,4.19322273742271e-18,"CD16+ Mono","ISG15"
"3994","CCT5",2.35563864896546e-22,0.468213500469028,0.778,0.382,5.05684948773416e-18,"CD16+ Mono","CCT5"
"4006","TGOLN21",6.28449448201197e-22,0.484205288164283,0.852,0.505,1.34909243045351e-17,"CD16+ Mono","TGOLN2"
"4009","DOCK11",7.07165208636067e-22,0.303152793952817,0.488,0.182,1.51807155337904e-17,"CD16+ Mono","DOCK11"
"4011","RPS6KA11",7.34435637503602e-22,0.370422279200556,0.606,0.257,1.57661298302898e-17,"CD16+ Mono","RPS6KA1"
"4029","BAZ1A",2.97324512180548e-21,0.40464041534179,0.729,0.348,6.38266530297983e-17,"CD16+ Mono","BAZ1A"
"4035","ABHD3",7.07022251134379e-21,0.285814549175786,0.433,0.157,1.51776466651017e-16,"CD16+ Mono","ABHD3"
"4058","TMEM9B1",6.77416315511086e-20,0.321005038822432,0.581,0.245,1.45420960450765e-15,"CD16+ Mono","TMEM9B"
"4064","SP1101",8.59892989047553e-20,0.422747905237035,0.847,0.446,1.84593227958838e-15,"CD16+ Mono","SP110"
"4077","CDKN2D1",3.8411631428328e-19,0.318976796293359,0.778,0.385,8.24582491871917e-15,"CD16+ Mono","CDKN2D"
"4082","NBN",5.61844857448944e-19,0.260282869139441,0.443,0.169,1.20611235548565e-14,"CD16+ Mono","NBN"
"4122","PTEN1",4.6249311533093e-17,0.315569759548876,0.719,0.351,9.92833970680907e-13,"CD16+ Mono","PTEN"
"4132","GLRX1",8.31214175251512e-17,0.356071204352319,0.729,0.384,1.78436747001242e-12,"CD16+ Mono","GLRX"
"4138","HACD41",1.38802597808334e-16,0.272898111189106,0.586,0.268,2.9796753671515e-12,"CD16+ Mono","HACD4"
"4142","LSM61",1.57087648915334e-16,0.363772342264424,0.714,0.358,3.37220055926548e-12,"CD16+ Mono","LSM6"
"4162","ATP5F1C",1.29077233867661e-15,0.405897768459662,0.823,0.487,2.77090097943707e-11,"CD16+ Mono","ATP5F1C"
"4168","GPI",2.8427533463518e-15,0.418061927655362,0.813,0.452,6.1025386086134e-11,"CD16+ Mono","GPI"
"4178","LRPAP11",6.04375031869337e-15,0.305898947890304,0.66,0.336,1.2974118809139e-10,"CD16+ Mono","LRPAP1"
"4181","ATP6AP11",7.69296890859903e-15,0.305949384037512,0.635,0.314,1.65144963560895e-10,"CD16+ Mono","ATP6AP1"
"4184","SMAD2",1.06181564248491e-14,0.2580316952686,0.596,0.279,2.27939963972235e-10,"CD16+ Mono","SMAD2"
"4190","CHD11",1.51712411661663e-14,0.312328997444254,0.754,0.398,3.25681034114092e-10,"CD16+ Mono","CHD1"
"4192","TOP11",2.34255184132121e-14,0.270144978982813,0.7,0.338,5.02875603776424e-10,"CD16+ Mono","TOP1"
"4206","MCL11",1.57828906894865e-13,0.260230210958639,0.951,0.695,3.38811314431207e-09,"CD16+ Mono","MCL1"
"4209","STX12",1.89204219721289e-13,0.252642533765408,0.379,0.163,4.06164698475692e-09,"CD16+ Mono","STX12"
"4217","ID22",4.14281227245195e-13,0.345780610689297,0.734,0.425,8.89337510527261e-09,"CD16+ Mono","ID2"
"4229","MAP1LC3B2",9.44147900072183e-13,0.306169603667617,0.778,0.444,2.02680229708496e-08,"CD16+ Mono","MAP1LC3B"
"4243","PSME11",2.89962524805145e-12,0.311861616061139,0.99,0.861,6.22462551999205e-08,"CD16+ Mono","PSME1"
"4245","IDS2",3.99351085025494e-12,0.269208894457224,0.813,0.477,8.57286974224228e-08,"CD16+ Mono","IDS"
"4250","SNRPC",9.5825768668966e-12,0.261169698250387,0.695,0.37,2.05709177601669e-07,"CD16+ Mono","SNRPC"
"4266","FOS1",8.1243013658904e-11,0.331615075409478,0.985,0.89,1.74404377421569e-06,"CD16+ Mono","FOS"
"4267","YPEL51",9.1203515617554e-11,0.30440570356403,0.724,0.429,1.95786586976203e-06,"CD16+ Mono","YPEL5"
"4274","KRAS",3.2058394076644e-10,0.270516808148204,0.591,0.322,6.88197545643316e-06,"CD16+ Mono","KRAS"
"4299","IGFBP71",2.24955740174135e-247,0.803219411634019,0.728,0.048,4.82912487431816e-243,"DC","IGFBP7"
"4323","GAS6",1.15432281840784e-180,0.425815791564188,0.404,0.02,2.4779847942761e-176,"DC","GAS6"
"4335","HAVCR2",2.52020507133914e-159,0.523988782791989,0.522,0.038,5.41012422664374e-155,"DC","HAVCR2"
"4338","HDAC91",6.94429486618032e-155,0.678708712110657,0.632,0.057,1.49073177892293e-150,"DC","HDAC9"
"4342","SERPINF1",2.63903039746498e-151,0.324721816956337,0.301,0.013,5.66520655423806e-147,"DC","SERPINF1"
"4345","SULF22",6.49841432181696e-149,1.11570113240224,0.868,0.114,1.39501460246445e-144,"DC","SULF2"
"4357","IRF53",7.70449771282213e-134,0.878679078277679,0.89,0.126,1.65392452401153e-129,"DC","IRF5"
"4383","PLXDC22",8.45187542895042e-116,0.783935376591371,0.735,0.098,1.81436409833279e-111,"DC","PLXDC2"
"4389","PEA152",3.02508984894605e-111,0.932827925456414,0.794,0.125,6.49396037873248e-107,"DC","PEA15"
"4400","IMPA22",5.18106612321143e-106,0.614579418225187,0.632,0.08,1.1122194646698e-101,"DC","IMPA2"
"4407","ICAM1",8.73449033016442e-102,0.580817042017495,0.566,0.067,1.8750330391764e-97,"DC","ICAM1"
"4412","CTSZ3",5.91703597811945e-100,1.93421632002403,0.993,0.315,1.2702101134229e-95,"DC","CTSZ"
"4415","TBC1D92",5.22737173929943e-98,0.496104380912333,0.574,0.07,1.12215989127541e-93,"DC","TBC1D9"
"4418","GRN2",9.65816178266848e-97,1.805687802323,0.993,0.292,2.07331758988544e-92,"DC","GRN"
"4419","ETS22",1.26380137752745e-96,0.664545742363051,0.603,0.08,2.71300241713817e-92,"DC","ETS2"
"4420","CPPED12",1.37840634223497e-96,0.758696116460453,0.765,0.123,2.95902489487581e-92,"DC","CPPED1"
"4428","DUSP3",2.246394046869e-92,0.406961370222229,0.493,0.055,4.82233410041369e-88,"DC","DUSP3"
"4429","FABP5",5.80498654776038e-92,0.57440223106743,0.559,0.072,1.24615646220772e-87,"DC","FABP5"
"4430","LPCAT21",5.25812939518401e-91,0.384124824096913,0.404,0.039,1.12876263726415e-86,"DC","LPCAT2"
"4442","TIMP22",2.02815405336878e-88,0.712279532631103,0.838,0.149,4.35383830636676e-84,"DC","TIMP2"
"4449","TNFSF132",8.21735952795371e-86,0.806348837043541,0.721,0.121,1.76402056986582e-81,"DC","TNFSF13"
"4464","CDKN1A2",4.21724489343036e-81,0.813461169407021,0.654,0.108,9.05315961272695e-77,"DC","CDKN1A"
"4465","EMILIN22",1.21639870985496e-80,0.78008114415878,0.816,0.158,2.61124311044564e-76,"DC","EMILIN2"
"4466","LGALS92",1.43288691470932e-80,1.08997665772247,0.912,0.225,3.0759783398065e-76,"DC","LGALS9"
"4468","KIAA09302",4.57960121041543e-80,0.453269576775718,0.654,0.102,9.8310299183988e-76,"DC","KIAA0930"
"4496","C12orf45",1.51050364649144e-73,0.518854233326372,0.64,0.107,3.24259817792317e-69,"DC","C12orf45"
"4504","EIF4EBP12",1.40486345005751e-71,0.59563554825345,0.75,0.145,3.01582036823846e-67,"DC","EIF4EBP1"
"4510","JAK22",1.18533910750949e-70,0.629153403129015,0.684,0.127,2.54456746209061e-66,"DC","JAK2"
"4520","PRKCD2",4.38761955554012e-68,0.634220352512453,0.809,0.172,9.41890289987798e-64,"DC","PRKCD"
"4526","CD361",5.91391418969273e-67,0.59970955211092,0.647,0.115,1.26953995910134e-62,"DC","CD36"
"4533","OGFRL12",2.28798824454374e-65,0.672814649694527,0.787,0.168,4.91162436456204e-61,"DC","OGFRL1"
"4548","ANXA41",2.85348675271927e-63,0.470627317161682,0.544,0.091,6.12558001206245e-59,"DC","ANXA4"
"4552","SLC9A7",6.05172366377871e-63,0.271911932971366,0.301,0.031,1.29912351890338e-58,"DC","SLC9A7"
"4565","ATP6V1A1",2.21119743119342e-59,0.430774671840008,0.61,0.114,4.74677752554291e-55,"DC","ATP6V1A"
"4567","GM2A",6.38117601986535e-59,0.318136349159092,0.478,0.075,1.36984705618449e-54,"DC","GM2A"
"4593","SOX42",3.93351568879018e-55,0.487928920767444,0.529,0.095,8.44407812912588e-51,"DC","SOX4"
"4594","PYCARD2",3.97986007365898e-55,1.09419193308999,0.971,0.378,8.54356562012373e-51,"DC","PYCARD"
"4595","ANXA52",4.01393221904077e-55,1.15321609459417,0.963,0.415,8.61670829461482e-51,"DC","ANXA5"
"4605","SLC43A22",7.39950949844823e-54,0.324798662875929,0.566,0.106,1.58845270403188e-49,"DC","SLC43A2"
"4616","GAPDH1",7.50768960992464e-53,1.13369460681634,1,0.962,1.61167572856252e-48,"DC","GAPDH"
"4619","SYNGR23",2.13882608552695e-52,1.08498327419509,1,0.499,4.59141795780071e-48,"DC","SYNGR2"
"4624","TIGAR1",4.47760396863814e-52,0.277002143684742,0.412,0.064,9.61207243947551e-48,"DC","TIGAR"
"4625","CYSTM11",5.23296326374635e-52,0.268279748826731,0.382,0.056,1.12336022382843e-47,"DC","CYSTM1"
"4627","MFSD13",1.26879406403151e-51,0.592121286821173,0.816,0.217,2.72372021725645e-47,"DC","MFSD1"
"4632","GABARAP2",3.78001199363977e-51,1.12510075870214,1,0.866,8.11455174674648e-47,"DC","GABARAP"
"4639","HEXB1",4.14079094517444e-50,0.722317879896591,0.816,0.223,8.88903592200596e-46,"DC","HEXB"
"4650","JDP22",1.94724510093606e-49,0.267594173806806,0.412,0.066,4.18015105817943e-45,"DC","JDP2"
"4655","RAC12",1.38805451611821e-48,1.08567411180157,0.985,0.595,2.97973662975096e-44,"DC","RAC1"
"4659","GLB1",4.38185432889906e-48,0.417670625790576,0.61,0.132,9.40652668784761e-44,"DC","GLB1"
"4663","BRI3BP",6.07186778314137e-48,0.314764254717646,0.449,0.079,1.30344785700696e-43,"DC","BRI3BP"
"4666","PLEKHO12",1.06938166135464e-47,0.807945790225159,0.941,0.344,2.29564161243001e-43,"DC","PLEKHO1"
"4667","PLAUR2",1.29771365962816e-47,0.351200595617882,0.684,0.16,2.78580191312378e-43,"DC","PLAUR"
"4671","HBEGF1",8.394313348139e-47,0.446111044614739,0.382,0.063,1.802007246445e-42,"DC","HBEGF"
"4675","SPINT2",9.19657277274606e-46,0.846415199543552,0.838,0.285,1.9742282771254e-41,"DC","SPINT2"
"4679","SLC25A52",2.09369062213558e-45,1.06280889666662,0.985,0.649,4.49452565853844e-41,"DC","SLC25A5"
"4699","CREG11",5.40334508515309e-43,0.443234979830118,0.625,0.146,1.15993608942981e-38,"DC","CREG1"
"4707","FTH12",1.46153447329243e-41,0.812710279089049,1,0.997,3.13747605381687e-37,"DC","FTH1"
"4718","CASP12",1.25283343976953e-40,0.743009038985813,0.794,0.265,2.68945754515326e-36,"DC","CASP1"
"4720","MIS18BP13",2.11079126189515e-40,0.510139283530197,0.816,0.237,4.53123560191032e-36,"DC","MIS18BP1"
"4724","ID1",9.17810379518246e-40,0.567201821327632,0.397,0.077,1.97026354171182e-35,"DC","ID1"
"4745","H3F3A2",1.36150075153725e-37,0.644025322948173,1,0.965,2.92273366332502e-33,"DC","H3F3A"
"4754","AIMP2",5.17514710159982e-37,0.255646001203183,0.441,0.091,1.11094882830043e-32,"DC","AIMP2"
"4763","LMNB1",1.95700612504948e-36,0.298116464760382,0.493,0.11,4.20110504864371e-32,"DC","LMNB1"
"4780","NAMPT2",6.5212167260291e-35,0.319873385132977,0.765,0.226,1.39990959457667e-30,"DC","NAMPT"
"4783","HACD42",1.13947277385208e-34,0.560421394043968,0.801,0.267,2.44610620362825e-30,"DC","HACD4"
"4808","ATP6V0D12",3.09010352253044e-33,0.571029554592543,0.868,0.32,6.63352523181609e-29,"DC","ATP6V0D1"
"4819","GUSB2",6.10721498483357e-33,0.377328159450419,0.699,0.2,1.31103584079422e-28,"DC","GUSB"
"4823","YBX12",9.44402861197752e-33,0.690540011187612,0.993,0.909,2.02734962213321e-28,"DC","YBX1"
"4829","SLC16A32",1.8511965505779e-32,0.312613608369911,0.581,0.154,3.97396363512558e-28,"DC","SLC16A3"
"4858","S100A62",1.99007343873633e-30,0.819146841166164,1,0.924,4.27209065093529e-26,"DC","S100A6"
"4862","CKS2",2.35296651266526e-30,0.390772520262161,0.493,0.128,5.05111321273852e-26,"DC","CKS2"
"4866","PSTPIP21",3.05199058439675e-30,0.255183291561191,0.434,0.101,6.5517081875245e-26,"DC","PSTPIP2"
"4869","TUBA1B1",5.93676539327088e-30,1.01098245226269,0.963,0.683,1.27444542697346e-25,"DC","TUBA1B"
"4870","BACH12",6.70362902537019e-30,0.30522577326944,0.632,0.18,1.43906804287622e-25,"DC","BACH1"
"4883","NPC22",4.57610900110005e-29,0.612320641172822,0.941,0.419,9.82353319266148e-25,"DC","NPC2"
"4885","DBI2",4.93126264918881e-29,0.751994716093485,0.949,0.509,1.05859415290136e-24,"DC","DBI"
"4886","H1F0",6.15657977046628e-29,0.306277149561787,0.265,0.048,1.321632979326e-24,"DC","H1F0"
"4895","BRI32",2.02048104331795e-28,0.514317153709642,0.963,0.465,4.33736665569064e-24,"DC","BRI3"
"4896","ATP6AP12",3.44812465439477e-28,0.501117731343474,0.853,0.314,7.40208919558925e-24,"DC","ATP6AP1"
"4903","SHMT21",7.71470751621642e-28,0.359895093025702,0.691,0.214,1.65611626250618e-23,"DC","SHMT2"
"4904","OTUD11",8.22389145580592e-28,0.314965523453627,0.338,0.074,1.76542277881786e-23,"DC","OTUD1"
"4908","PGD2",1.8654929130597e-27,0.375263050348493,0.772,0.264,4.00465363646526e-23,"DC","PGD"
"4924","LMNA",1.20801992130962e-26,0.638454319973401,0.36,0.088,2.59325636507537e-22,"DC","LMNA"
"4936","SAT12",4.29319849641126e-26,0.432428460673191,0.978,0.701,9.21620921224605e-22,"DC","SAT1"
"4940","ATP5F1C1",9.67049450383648e-26,0.599084062795304,0.934,0.487,2.07596505513858e-21,"DC","ATP5F1C"
"4942","CTSB2",1.16888010456608e-25,0.558875955305454,0.868,0.38,2.50923492047201e-21,"DC","CTSB"
"4945","LIPA2",1.42898757912248e-25,0.251469497336531,0.632,0.191,3.06760763610222e-21,"DC","LIPA"
"4959","CEBPG",5.56280240196953e-25,0.253489377429039,0.456,0.124,1.1941667916308e-20,"DC","CEBPG"
"5000","HAUS4",2.67977073756285e-23,0.251141147482794,0.566,0.172,5.75266384232616e-19,"DC","HAUS4"
"5004","NUDT1",6.21233178508262e-23,0.263473886114419,0.603,0.191,1.33360126430369e-18,"DC","NUDT1"
"5008","HMGA1",9.49964405590019e-23,0.514994212059473,0.853,0.359,2.03928858948009e-18,"DC","HMGA1"
"5017","MXD43",1.58659134461975e-22,0.292709018105797,0.735,0.255,3.40593563949522e-18,"DC","MXD4"
"5023","ENO11",3.10729125738468e-22,0.603529850142242,0.985,0.716,6.6704221422277e-18,"DC","ENO1"
"5024","MAPKAPK32",3.80342131145437e-22,0.269437465551516,0.662,0.219,8.16480452929909e-18,"DC","MAPKAPK3"
"5039","RHOA2",5.36890082057474e-21,0.485969841563958,0.993,0.882,1.15254193915278e-16,"DC","RHOA"
"5042","MAT2A1",5.64478922288754e-21,0.429007828467471,0.772,0.314,1.21176690247727e-16,"DC","MAT2A"
"5045","CTSC2",6.03424677352236e-21,0.432171324748589,0.831,0.364,1.29537175487204e-16,"DC","CTSC"
"5065","KDM2B",3.37421323606459e-20,0.273306595500868,0.441,0.133,7.24342355385987e-16,"DC","KDM2B"
"5072","ALYREF",9.75965043830154e-20,0.413405855255233,0.838,0.348,2.09510415959019e-15,"DC","ALYREF"
"5080","ZFAND52",2.01669234486518e-19,0.401213993565626,0.919,0.42,4.32923345672208e-15,"DC","ZFAND5"
"5087","TXN1",3.38660891049583e-19,0.496076642513691,0.875,0.405,7.2700333481614e-15,"DC","TXN"
"5088","ID23",3.63806710130847e-19,0.855253220384895,0.787,0.426,7.80983864637889e-15,"DC","ID2"
"5097","RPS6KA12",9.53765669303594e-19,0.284569867235847,0.691,0.258,2.04744876229403e-14,"DC","RPS6KA1"
"5098","REEP52",1.32458610702795e-18,0.370877149446109,0.853,0.354,2.8434889959569e-14,"DC","REEP5"
"5101","APEX1",1.63477632126927e-18,0.519612737340368,0.919,0.489,3.50937432886875e-14,"DC","APEX1"
"5109","GABARAPL12",3.96492474476863e-18,0.276793716224888,0.434,0.141,8.51150394959481e-14,"DC","GABARAPL1"
"5110","IFI163",4.02614777518629e-18,0.366102323950013,0.824,0.35,8.6429314289924e-14,"DC","IFI16"
"5120","PTEN2",1.58895948459387e-17,0.356086989233427,0.831,0.351,3.41101932557766e-13,"DC","PTEN"
"5166","PHB",2.92006441804674e-15,0.290224276286687,0.75,0.312,6.26850228622094e-11,"DC","PHB"
"5174","RNASET23",5.96094397077518e-15,0.447269932566664,0.963,0.674,1.27963584220631e-10,"DC","RNASET2"
"5178","HNRNPAB1",1.08316082235925e-14,0.305073152538595,0.743,0.327,2.32522133735861e-10,"DC","HNRNPAB"
"5187","STAT62",2.83274456050811e-14,0.255313823596509,0.75,0.321,6.08105274804277e-10,"DC","STAT6"
"5199","SNRPD1",1.41121688835928e-13,0.259370240593748,0.765,0.328,3.02945929424087e-09,"DC","SNRPD1"
"5202","FOS2",2.81216923016347e-13,0.478867240633247,1,0.891,6.03688368639192e-09,"DC","FOS"
"5211","ENY22",5.83233057045304e-13,0.297508369568528,0.89,0.422,1.25202640355915e-08,"DC","ENY2"
"5217","EIF4A3",8.12284232406379e-13,0.266816802899194,0.699,0.311,1.74373056170677e-08,"DC","EIF4A3"
"5226","TUBB4B1",1.98387194120971e-12,0.370828209460466,0.801,0.423,4.25877789619488e-08,"DC","TUBB4B"
"5227","ILF2",2.00939488340057e-12,0.290177999235721,0.816,0.38,4.31356799619599e-08,"DC","ILF2"
"5232","GLRX2",3.78794782844768e-12,0.302579795668776,0.787,0.386,8.13158760332863e-08,"DC","GLRX"
"5237","SRSF32",6.50560846250413e-12,0.41437388358775,0.934,0.632,1.39655896864576e-07,"DC","SRSF3"
"5241","MCL12",1.24616019991459e-11,0.274898901919864,0.993,0.696,2.67513210115664e-07,"DC","MCL1"
"5245","C1QBP",2.86197879984658e-11,0.32201474925507,0.919,0.507,6.14380988963065e-07,"DC","C1QBP"
"5247","ATP6V0C2",4.02233434096753e-11,0.279089803028102,1,0.699,8.63474512975499e-07,"DC","ATP6V0C"
"5266","ANP32A1",5.39729599926189e-10,0.285173386460751,0.926,0.514,1.15863753216155e-05,"DC","ANP32A"
"5272","H3F3B2",1.72756698702124e-09,0.297556083077847,1,0.987,3.70856805103849e-05,"DC","H3F3B"
"5283","H2AFV",1.24414674939529e-08,0.275806538750455,0.875,0.531,0.000267080982692686,"DC","H2AFV"
"5284","UBC2",1.48356441916724e-08,0.374112764914667,1,0.98,0.000318476773862631,"DC","UBC"
"5285","RBBP4",1.6730105574313e-08,0.251103597611644,0.787,0.416,0.000359145176363778,"DC","RBBP4"
"5294","MSN3",4.4153147009363e-08,0.289883751980895,0.978,0.664,0.000947835606849995,"DC","MSN"
"5298","DEK1",1.47373195969975e-07,0.268256396090223,0.838,0.501,0.00316366039788746,"DC","DEK"
"5299","SNRPB",2.6254594155068e-07,0.256549917776442,0.875,0.508,0.00563607372726844,"DC","SNRPB"
"5300","PHB2",5.07654971878594e-07,0.253138657707062,0.956,0.616,0.0108978292813178,"DC","PHB2"
