Abundances..Normalized...F16..127C..Sample..5A	Abundances..Normalized...F16..127N..Sample..5B	Abundances..Normalized...F16..128C..Sample..2B	Abundances..Normalized...F16..129C..Sample..2A	Abundances..Normalized...F16..130C..Sample..1A	Abundances..Normalized...F16..130N..Sample..4B	Abundances..Normalized...F16..131N..Sample..1B	Abundances..Normalized...F16..132C..Sample..4A	Abundances..Normalized...F16..132N..Sample..6A	Abundances..Normalized...F16..133C..Sample..3A	Abundances..Normalized...F16..133N..Sample..6B	Abundances..Normalized...F16..134N..Sample..3B
114108632.070949	110858245.533053	109676135.485337	108816954.170813	106477048.967204	106848530.631284	104726820.298847	107389859.897528	109535093.09988	96030871.9671578	108190777.720536	104007170.552126
97639802.5730235	95539735.5090633	97413797.6067466	96164803.1707053	83123497.9166548	98558124.9603304	85744501.5678169	90375607.3361732	89267053.6622694	77214336.8319322	87719567.0580435	85742737.4057936
78223211.7863461	74946642.7285917	71208004.4269006	74559669.9943638	76309238.83763	76729945.0037056	72474041.6996332	76923353.8516683	75550063.1877846	61403274.6378573	75904383.7731623	68398718.6330562
99515143.9509109	99498658.193189	103997825.401406	97148068.9914596	92665611.3186969	99384895.9231338	90586934.2309211	96412069.3425699	99140278.0778027	84841675.310764	97015898.3893464	91976499.7752503
7264986.83415907	5675092.97537882	5054986.35622695	6698415.86550206	6487855.27516744	6998662.98676841	5887395.39498056	6787682.16132295	7644251.13083037	6510634.06316287	6048214.7328786	6075642.86863358
7264986.83415907	5675092.97537882	5054986.35622695	6698415.86550206	6487855.27516744	6998662.98676841	5887395.39498056	6787682.16132295	7644251.13083037	6510634.06316287	6048214.7328786	6075642.86863358
1985579.78162314	1646821.77126771	1470552.88091548	1472366.26543188	1333058.54119662	1996823.37832283	1462192.28999589	1554942.53944987	2153716.7798589	1438224.30908689	1672655.40740372	1421713.24027385
1985579.78162314	1646821.77126771	1470552.88091548	1472366.26543188	1333058.54119662	1996823.37832283	1462192.28999589	1554942.53944987	2153716.7798589	1438224.30908689	1672655.40740372	1421713.24027385
34838332.2408262	34462483.5731725	35008431.1358698	32230328.367817	31432730.7700881	33650955.8534146	31028677.1101658	32211375.9357342	32823977.319103	27588173.3873611	30882670.0522416	30133450.7743294
15893715.4995465	15843992.6327827	16134215.2453285	16946337.0686656	15105111.7840949	16413448.6244044	16262469.5200329	15593768.241607	15181189.6052127	12643018.3919056	15452305.386904	13609270.2008085
26363268.1814159	25698739.8564063	25313602.9378443	23689003.8190682	22456498.2712921	25219225.6418004	22775245.5016425	23332939.9950851	24261350.1277481	20179529.3005817	23221503.0461328	21785713.8432295
17341921.9112073	17891338.9274814	17472724.5532689	16934156.6299444	15534352.1089861	18219733.2487401	16017012.830768	17104523.776861	16875436.4987659	15595212.2953641	16957094.4610608	16596788.1897106
15158978.8368675	16285000.7501726	16875212.9755518	18702794.0271853	22695075.188132	17441064.4465587	19660883.7777375	17140484.6229777	22824700.8077184	40389557.9735442	22545943.6068664	22400567.1617528
21659538.3087114	23260799.9691742	21810207.9039513	19458670.7529963	18032256.9341019	21254418.9734402	18883469.0466196	18620231.6908304	20197627.5570036	18108286.8024074	21938429.68178	19712859.2256986
9538438.30097097	9412240.86434913	8722060.44158863	9244916.23185827	8897356.84833421	12605974.3408258	8925298.28087344	11083571.4609065	10223082.6597031	10554406.2993626	9484719.1540009	9087465.07413926
7643854.65483776	7675604.05877145	7271237.40107143	7445030.29792905	7446785.26776991	6986119.5274623	7343728.07625948	7164701.42288187	6177925.90021126	6439081.68588553	6576606.66152094	6952908.91580283
10542944.4324494	10403347.7081998	10226269.4678135	10342175.7306211	11361470.2765344	9642832.83656349	10999946.6824872	10134970.9798325	10198604.3915501	9678406.72216868	10190151.135368	10306175.0585656
15393446.4868364	15436262.619796	15934819.7074578	15406450.9443665	14235832.6249915	16336999.7304686	14059068.5642645	16270788.8790507	15187327.734225	11829937.7897226	14858002.5467768	13025987.1216076
13300704.0523327	12961601.5815118	11707392.7655328	11441440.6321787	11826415.2721609	12828195.1121808	11692509.4123683	11899621.3150073	12995081.592221	11372704.6812022	12368291.9687153	12319413.5216763
13860145.0288596	13763844.7200948	13224031.9744875	13897531.7864238	15238336.5663016	17868840.5624943	13722200.0336885	17013373.0950706	14342911.2463986	17950608.2942778	15227998.1993974	15767279.4398022
2448612.26450628	2525321.99780613	2894385.02241636	2699596.74579563	2581587.20495457	2446471.27342051	2624682.46046207	2465653.32405644	2347043.67021968	2150969.74052102	2510336.10456671	2396875.08585143
7293443.18351756	6569801.88285754	6830644.6997197	7026501.89974631	6754886.78166363	6592459.11493875	6392290.64828068	6925837.65275286	6785479.90965076	6286855.19390813	6866882.46310493	6603780.11671642
8034275.82700763	8064584.80428314	8078524.8251104	7263861.81638879	5668411.25696666	8137905.19563631	6463904.64503852	6673378.12066393	7591926.25819149	4688822.65112748	6943087.62482226	5762475.9710141
4591853.61677164	4344638.54034054	4351155.6153626	4042150.24818807	3662143.9329017	4231084.73958247	4153469.70639687	3598572.42447952	3785879.14675458	3252826.74040473	3641710.43258045	3709927.12091577
2326655.8998378	2311235.6262787	2448563.89569385	3376251.7377332	3275842.11757346	2342195.14201116	3133368.29410028	3324856.52272425	2148537.53781938	2962479.31052249	2909300.36926855	2562778.55396207
4863600.82781149	4442398.58697456	4680537.55676887	5508724.49794813	5396413.34279137	4832346.48917839	5202491.87841835	5618506.14156025	4645213.41002425	4475764.11810251	4999758.71287871	4889070.84200696
7529298.64342606	6923204.99516225	6954120.48125045	6996023.44889798	6352740.78362594	6364794.67054872	6271574.7411503	6733686.10142879	6073229.92359385	5363835.65506065	6584465.83370391	5899358.63515662
2383466.38072218	2401691.17489567	2746875.91769019	2660890.34797301	1891286.61390435	2235578.19436545	2218930.70079579	2183394.06323812	1849809.13321717	1490965.56006544	1974809.55724138	1750123.9591011
394013.212280189	335974.383640758	357282.71890068	410666.787695488	434570.721286809	352648.642662158	411782.950770663	427554.811700628	359099.27085046	330175.50386776	405056.889318925	363502.188667963
19240623.7650771	18319481.2498452	19477966.5717918	19483749.2395336	16519025.0402622	18211856.2106598	17128212.0760437	18061974.2540321	17721181.4521428	13116716.8443645	17319013.3604611	15375974.3468493
13373511.3383279	12964566.1960617	12898729.5346261	13363559.2800718	11855763.9054214	13295503.2126212	11188593.8782657	12928894.96386	11040643.4959346	11802602.0188504	12075444.7474939	13000008.9850704
6671215.56904969	7409257.33826025	7299910.12318368	6882793.62038613	7107880.36761729	7346393.94662652	7811687.81174542	6755015.87711838	7636040.08580023	8569728.23126706	7439684.95638218	8617838.69929319
18037612.9646631	19978707.6323526	18623098.4368744	16282038.2848749	15365024.1849467	17545439.1417792	15745495.9394845	15741277.5474119	16395723.566469	15018513.1870248	18756922.3389015	16678662.9413184
15548627.0074938	15813498.1767049	15373502.4668275	14820252.2492994	14178834.0531181	14865429.9374088	13975555.1962342	14569073.7274012	14549377.2726847	12508953.2030948	14441450.9594546	14020419.2276499
613282.887503256	603696.475612434	685275.199918255	682375.194627443	588703.462583557	602362.897096725	614194.395024356	631807.958969962	535430.834000295	472338.396820985	597133.936271591	541792.497476372
3790179.38722682	3589549.68076432	3491248.90944053	3200350.28633012	2872786.71243461	3527961.75838545	3372680.22380669	2775797.60331012	3118675.5859313	2547282.40411476	2921757.35165764	2947799.54758186
17081872.7451484	16655192.791534	16399355.0315971	15657229.1967152	10920197.8656042	22656266.6435749	9949709.69992334	21500539.8320033	10575861.6466356	16068988.2099461	12599019.4498142	18759580.187275
9100463.94998454	8875350.8885152	8915503.13672619	9075973.64682375	9984987.85777013	8572849.64766002	9654985.31371011	8928837.48155839	9319765.63666691	8745400.24557968	8881799.33244477	9197835.80052466
4242332.94569018	4608886.763155	3856050.47067645	3790836.69624197	4748047.35266506	3494880.89292046	4785284.90254586	3869984.9470435	4370722.12079274	4600150.87780857	4397189.99054272	4872407.4866717
1923943.2892925	1824594.68695785	1773042.93334618	1813040.62934674	1727767.16041365	1786279.65649088	1881607.01953553	1690926.28186434	1697285.96388975	1659703.71954066	1684547.12343259	1752709.64906133
8643021.28169928	8966658.31610915	10349583.6615824	9703227.96716105	8587173.85612714	8236812.13746067	8725983.25636582	8328640.65527967	7928632.69080652	7017168.39312921	8425756.85388861	7851075.30413159
7828217.68025371	7297954.5983371	7555000.37626361	8203673.90606317	8495812.99524248	8213033.77657353	8304718.1418377	8607586.44946287	9147843.33749272	7854625.67031874	8291355.47631835	8091389.55690788
7060478.80977834	7054751.44052019	7248318.10257877	6959611.26979096	6999531.2160056	6780700.62023323	7516705.05014007	6646285.75970961	7264778.30284663	6381224.91328274	7167454.59890239	7052981.4599821
895539.2877395	952794.887877003	924375.380276606	758042.940411355	689825.318327071	838681.953550645	699180.424253831	736789.781246645	830045.311596382	734297.355528621	810859.073387067	800428.884221973
10266439.6926495	10726398.6476038	11473021.6606756	11070985.1905546	10575119.5863986	10289793.7060874	10611491.0965058	10270244.7856688	10975513.7472466	9855906.98576558	11139624.5495418	10983265.9087953
17771433.5564046	17643701.1097466	16090948.562747	18473127.8673017	16910953.7313161	18998721.153134	15100632.5361341	22022863.546356	14996518.7711044	14782832.4736656	16612918.8035327	16232386.9745936
6702851.00681413	7360788.58892753	6911937.3028364	6179442.41306738	6251903.14430873	6265821.76324286	6263485.34989418	6130361.59113219	6128498.53239719	5602174.29681747	6601452.83121742	6194729.04282354
4260708.11382978	4325366.6369469	4801195.33574781	5124849.16655721	6606670.23264037	4232638.18492231	6940555.30038356	4409710.66150173	4834351.97838658	5948528.29473501	4995882.58263765	6133515.58006866
4260708.11382978	4325366.6369469	4801195.33574781	5124849.16655721	6606670.23264037	4232638.18492231	6940555.30038356	4409710.66150173	4834351.97838658	5948528.29473501	4995882.58263765	6133515.58006866
4260708.11382978	4325366.6369469	4801195.33574781	5124849.16655721	6606670.23264037	4232638.18492231	6940555.30038356	4409710.66150173	4834351.97838658	5948528.29473501	4995882.58263765	6133515.58006866
4154258.71973993	4245812.44233457	4691863.39227108	4981137.51167757	6365791.83024738	4142826.51198077	6729296.32290178	4272243.37857963	4730323.29975132	5743128.65812856	4791993.94437099	5904120.61118188
4154258.71973993	4245812.44233457	4691863.39227108	4981137.51167757	6365791.83024738	4142826.51198077	6729296.32290178	4272243.37857963	4730323.29975132	5743128.65812856	4791993.94437099	5904120.61118188
4154258.71973993	4245812.44233457	4691863.39227108	4981137.51167757	6365791.83024738	4142826.51198077	6729296.32290178	4272243.37857963	4730323.29975132	5743128.65812856	4791993.94437099	5904120.61118188
4154258.71973993	4245812.44233457	4691863.39227108	4981137.51167757	6365791.83024738	4142826.51198077	6729296.32290178	4272243.37857963	4730323.29975132	5743128.65812856	4791993.94437099	5904120.61118188
4154258.71973993	4245812.44233457	4691863.39227108	4981137.51167757	6365791.83024738	4142826.51198077	6729296.32290178	4272243.37857963	4730323.29975132	5743128.65812856	4791993.94437099	5904120.61118188
3784288.06234758	3826753.14007701	4219128.69710293	4512466.78454322	5854366.93305704	3761380.13096073	6173286.20432982	3938727.4347548	4273534.67348041	5268717.71738688	4379981.52476408	5355959.18928681
3784288.06234758	3826753.14007701	4219128.69710293	4512466.78454322	5854366.93305704	3761380.13096073	6173286.20432982	3938727.4347548	4273534.67348041	5268717.71738688	4379981.52476408	5355959.18928681
646663.485295529	646686.366622719	668960.944306078	654825.696237423	715372.839259113	628345.349262347	721777.31858889	698721.684490831	662871.555848115	674588.135622493	717000.784768069	661167.253758812
5730474.20258023	6051350.48738115	6620393.02559724	5319340.17315809	4432859.59988425	5507329.28436237	4811393.13147452	5059133.49059784	5180814.14826298	3685268.96754416	5265898.89291082	4428261.35736249
3677838.66825774	3747198.94546468	4109796.75362619	4368755.12966357	5613488.53066405	3671568.45801919	5962027.22684803	3801260.1518327	4169505.99484516	5063318.08078044	4176092.88649741	5126564.22040002
3677838.66825774	3747198.94546468	4109796.75362619	4368755.12966357	5613488.53066405	3671568.45801919	5962027.22684803	3801260.1518327	4169505.99484516	5063318.08078044	4176092.88649741	5126564.22040002
1489486.56364542	1306206.82704811	1348407.18918044	1463857.85270886	1388769.70643784	1276512.14060635	1202807.73806265	1450719.32785563	1363215.44815831	1380223.40613238	1395794.38480474	1405386.30847829
2638084.13150236	2937921.90859219	3001063.29682395	2394700.07958121	2886057.524921	2666466.66587902	3188822.88223787	2412849.91108317	2886509.62193459	3338228.73203949	2748195.32796235	3235260.42247945
5771964.54771181	5629828.06360502	5335809.4443079	5535673.40781743	5728918.43530175	5365054.94729576	5257019.57113355	5672587.39345443	5473281.32141504	5144311.76474393	5322119.8128472	5266361.10458505
7969714.19209711	8547543.92937173	9007390.52896626	7951008.69963316	7255801.39283814	7396389.11836991	7706667.39110384	7041789.21912926	7221307.61088131	6650076.40574144	7603230.73481773	7751350.59935617
4201893.42279777	4222417.6157345	4286924.89556084	4230847.42624703	3614246.03428558	4144993.94446639	3670953.77099016	3985798.74338368	3813383.35737178	3128481.58009375	3936750.9682592	3474719.46713751
3273513.21289861	3276069.78730449	3561550.38582288	4014969.69768619	5375640.249838	3313049.62957358	5434769.76391533	3456260.15365141	3771667.02442036	4770513.84152619	3820480.51345713	4800116.60510682
6591683.73932816	6444869.82409123	6367867.8540215	6633410.18384159	6864192.32812252	6291802.76833956	6200921.39900544	7051237.96890068	6344319.65222701	5679094.86203371	6427265.85376755	6194426.9928894
17092475.2589933	18994736.9576296	17496234.7094266	15421448.1937366	14689078.5685496	16574399.2790811	14932573.5101711	14961761.1197737	15602558.6683767	14382369.3996761	17980333.6286397	16003337.9865957
6746694.43795203	6585677.88003899	6149184.73909538	5949972.52501939	6087833.1501562	6439912.18652988	6411517.31052704	6408248.73602352	6434221.05977029	5437246.15580443	6480273.23823024	6085147.49865734
4775835.03525196	5244656.81081594	5044898.13163355	4694765.98012609	4606282.86695719	4574198.80723781	4600724.54396466	4670044.54648266	4387097.40260772	3871616.52778516	4773342.54336854	4241710.43029629
4285641.58289722	4911749.23246371	4574509.44574002	3900601.31749365	3917501.5131318	4036032.04880429	4034498.8797587	3929121.44876614	4020591.90257073	3627043.88971239	4187896.1335082	4079638.32302906
5053060.21959869	4972612.46059971	4883979.73910936	4841310.88799427	4758185.04736018	4805409.11851605	4719192.9128043	4656189.69103146	5208730.62544375	4346615.17975328	4793334.36486215	4678247.74486627
6801198.8259754	6258308.67578288	5902617.45278011	6882915.47422303	6793276.39315659	5888465.40684295	6433396.32272303	6785119.1940677	6443517.44271447	5264264.81141437	6584418.27834228	5796616.89996475
2489610.26821253	2501676.20964314	2463016.29268791	2209041.07488088	2124210.52236465	2579863.33469956	2155276.12976718	2332838.52318636	2380714.15262818	1979425.63278683	2137447.64377061	2156144.14401361
6471757.38274366	5625339.14520748	5413362.53730855	6073673.38925549	6122093.03184562	5939518.2851801	5448512.46557195	6201521.82204083	6114301.77514961	5243518.71331113	5581582.52094674	5486180.84078709
4481730.99779971	4952510.87083469	4812416.21145003	4491616.94848665	4598957.82602426	4583949.68855717	4788916.76752864	4220542.58334548	4748062.43889661	4601397.81255916	5290890.24888822	5249386.18683568
2662798.2050469	2277802.54841981	2239180.71230989	2241967.21868989	2113216.98022196	2461551.00653427	2313475.44465866	2203331.42816317	2227711.78424785	1961289.89688181	2158121.73954612	1968795.61202138
9406859.26244035	8904536.44089375	8791482.55074573	8965687.16778708	8244930.00953577	9204320.39399387	8217819.41571934	8254641.73864998	8749552.40965115	7790925.11047685	8149254.32423615	8150979.05950822
611327.966761131	589647.462294815	424814.685580676	435706.075885104	389063.200297163	572018.725513275	372106.862061024	535467.043699751	407315.908429598	348230.511610293	434782.824485287	403958.168740933
3903561.03589703	3670046.83658076	3547504.29058315	4068706.41620605	4559154.1070311	4762509.1195794	4007923.71796982	4979539.08173696	3942947.16166997	5308937.87894348	3910817.05769754	4481182.12066619
6178754.32259337	6430318.62632994	6075502.1203018	6265994.43674594	6597699.65575652	6204066.32690486	6612874.71149673	5878882.6042721	6214751.41927782	6991425.12681443	6043572.06207523	6854229.50584787
2367791.39735075	2278095.38242309	2409919.53035558	2905073.78445502	3968967.07193462	2387218.45936161	3955979.0916914	2574163.56445507	2697937.5414846	3464594.42605454	2739649.85553349	3399689.90691472
2562494.08314498	2573498.23849164	2544218.97894229	2327646.82787666	2575068.40224256	2329497.69495504	2574153.49956211	2324558.86172152	2586165.63119961	2453207.99618282	2465277.4719761	2563610.59794335
2171832.68401963	2167087.65955424	2122918.45877274	2027235.87953148	2104222.22624676	2145043.45807258	1993580.58276089	2162179.07967825	2253090.1353286	1824458.83803365	2109616.59772912	2011531.49809247
4049703.47880386	4323255.89531956	4148242.54808468	3884795.74708765	3567340.99547376	4227355.22173195	3917333.28522185	4183901.93379108	4027595.02070433	3347068.99599812	4413217.56993033	4070134.64947726
5530861.16802622	5458796.62467008	5558680.92627265	5336260.24806815	5421969.56482741	5051813.44736435	5182824.31866948	5384596.16300631	4746465.08881982	5019193.99254244	4939869.13174705	5399591.38764349
5461355.58276687	5599995.24555019	5700963.15768892	5012023.17937303	3972969.34338328	5108557.94554245	4426521.21826995	4442129.05409279	5163049.33501572	3400309.10769944	4934840.3397355	4023549.94646529
2328290.17229827	2356044.84185176	2281820.81010296	2054623.30965472	2027041.38120062	2346775.32184589	2026650.69512546	1986370.51083243	2185656.40946746	1894547.79035409	2143661.91946713	2105334.71228501
6308490.67513722	5722444.81297933	5720219.85313073	6088405.08400138	5374503.08063185	6279769.23188317	5398311.47067722	5512366.91135069	5848247.95896193	5074982.73899596	5149579.56237459	5205137.55788153
1411782.0816057	1390856.36098605	1387905.5298666	1392278.88364324	1365641.45905282	1330897.75025939	1295780.94608771	1418619.72246362	1285973.01246738	1023878.29860944	1302888.78524786	1201482.50928281
4353504.70384505	4133215.99169837	4322513.43700157	4611300.25747029	5111367.26705265	4036428.06394406	4655521.11588958	4737276.26996354	4518406.33308272	4449267.93760831	4550342.26834867	4668514.79203912
559419.143248363	624904.178243096	606262.546694189	509317.287434637	599360.698924083	640193.319234309	579209.352340236	590057.974895184	548088.076033872	803575.558335342	613191.666191433	797021.289295135
4380260.27624032	5223057.39664618	5932200.42795418	5311712.99223107	5678343.45481651	4695270.23187147	6930362.9567511	4320744.85778639	5671104.94127429	5492048.10149425	5042909.30879905	6147868.86088065
7111982.58707364	7364035.32361829	7377731.65422476	7657013.94815645	7078609.61413929	7054291.60478749	7152767.94307743	7475901.51724964	6602322.22954796	5897441.49037125	7183342.33414425	6644384.96073181
2599289.69800418	2567839.35382347	2591711.15607957	2710359.64511314	3205626.99192983	2288499.9117153	2898928.4141907	2871136.2693394	2432895.96211477	2698302.55114201	2539283.55983447	2852661.95747223
7727057.52659231	7043336.88128579	7052139.48221789	7390048.26819514	6840989.54787933	7660338.93227065	6815835.78991303	6793803.3429711	7102097.07287638	6315993.10275584	6488820.70158383	6470441.71121455
2394626.01621313	2334512.84443232	2522363.50491478	2683948.26399262	2520281.31926474	2339960.18193682	2542689.72931666	2560725.08528926	2355575.09646989	2338626.25605944	2408283.94243736	2477594.22865485
5457990.72723418	5422791.81837979	5660841.45727305	8252213.10568087	11683492.6979561	5885907.54704424	9940116.57169015	7797853.11491221	8862897.55597467	20820291.2487668	9417490.35138556	9741193.31136026
3116919.95398528	3120561.24950247	2822377.05627827	2652894.12857273	2654449.6752468	2922207.37820856	2971251.77324359	2777409.51560198	2929203.78516964	2344688.75516695	3054774.1888892	2563416.91356886
7523853.79746636	8845036.70747336	8527805.65063566	6042398.16395275	5887359.18197215	7414474.28585729	5892537.96625932	5780390.93622161	7012968.25770988	6876875.80871487	8868537.19058782	7799135.66366233
206114.776523608	208893.252112721	208881.390598239	162526.375336537	165879.728829674	196223.104927008	176459.853566126	180668.419182016	216565.555659542	182517.244836294	209730.604364297	208201.697012325
3565131.23402783	3841385.92630523	3764043.86980111	3245258.6623107	3465562.55715624	3380049.98206504	3301750.19149987	3237423.17138859	3228974.29768079	3116708.56115129	3468591.06568358	3460478.74937422
5440682.87139441	5986193.66913822	6449202.28373439	6129432.81878184	7793659.04736867	4813142.05687763	8826191.69567265	5334168.50332816	5092822.63834599	7693376.78880087	6464662.85336556	8736986.26202966
5440682.87139441	5986193.66913822	6449202.28373439	6129432.81878184	7793659.04736867	4813142.05687763	8826191.69567265	5334168.50332816	5092822.63834599	7693376.78880087	6464662.85336556	8736986.26202966
998939.219608305	1091040.35806294	1052219.78956031	1118095.08447681	1306454.77815589	998270.00133906	1185815.0954986	1090089.04456897	1102182.17672033	2128674.82279071	1423308.64845453	1422936.93391034
2887779.28317853	2956823.58075235	2689254.52314534	2444105.97574942	2411802.82983771	2694612.63645065	2723246.97730901	2549813.25033553	2694389.34986069	2164764.11278521	2823139.96869771	2381477.59720106
734565.271570502	661052.701919617	712657.752697896	840751.986862899	1023724.29308751	712294.720024252	1217181.21849844	640082.970843952	955619.493726745	1119168.30626712	830988.832583518	1040128.63118134
734565.271570502	661052.701919617	712657.752697896	840751.986862899	1023724.29308751	712294.720024252	1217181.21849844	640082.970843952	955619.493726745	1119168.30626712	830988.832583518	1040128.63118134
734565.271570502	661052.701919617	712657.752697896	840751.986862899	1023724.29308751	712294.720024252	1217181.21849844	640082.970843952	955619.493726745	1119168.30626712	830988.832583518	1040128.63118134
734565.271570502	661052.701919617	712657.752697896	840751.986862899	1023724.29308751	712294.720024252	1217181.21849844	640082.970843952	955619.493726745	1119168.30626712	830988.832583518	1040128.63118134
734565.271570502	661052.701919617	712657.752697896	840751.986862899	1023724.29308751	712294.720024252	1217181.21849844	640082.970843952	955619.493726745	1119168.30626712	830988.832583518	1040128.63118134
734565.271570502	661052.701919617	712657.752697896	840751.986862899	1023724.29308751	712294.720024252	1217181.21849844	640082.970843952	955619.493726745	1119168.30626712	830988.832583518	1040128.63118134
864941.03815206	968419.805882993	963893.825768998	846034.085050083	625967.984099459	700851.694037583	759185.537689405	704893.324148547	771296.554744352	630736.019636119	875722.612311419	688710.261209029
1217567.08547304	1200771.40697868	1186385.64944799	1174959.43557173	1213280.37923408	1162067.97860545	1209647.55801393	1153573.44325358	1191391.77590849	1151945.06003563	1208468.10348357	1201399.71333537
4805960.23814366	5337174.56844143	5749443.0588186	5382308.18436863	6796250.47334004	4245362.96846467	7951859.82792147	4611964.50807439	4490903.27056	6780404.492102	5756855.55916405	7785435.38361737
734565.271570502	661052.701919617	712657.752697896	840751.986862899	1023724.29308751	712294.720024252	1217181.21849844	640082.970843952	955619.493726745	1119168.30626712	830988.832583518	1040128.63118134
1782561.77962025	2044690.41834949	2711194.52096828	2449140.7174036	2335762.04656894	2164025.67857886	2836351.14106049	1923672.0913696	2337363.31192423	2244618.49501332	2207456.19149993	2234706.58888927
363927.438941617	385666.03395203	394027.651644429	437716.128332471	512813.207744231	362421.418600083	512244.634638495	436438.851621548	437601.725686111	526776.475311201	479956.467155131	443018.706974199
2018887.78547283	1949411.02195578	1876996.45488804	2102184.61701276	2282997.26760146	1859832.72556026	2113280.57737747	2083836.93812255	1849490.56029979	2032799.67324683	2007540.765278	2082318.30508634
1919237.32786461	1946530.33891893	1778628.13267616	1728874.52778662	1698284.89781977	1817190.09388663	1683436.83816047	1691205.3719992	1924076.84159513	1544069.07311531	1778051.0344433	1664530.04433654
1234863.54273983	1201112.8016041	1230578.90531362	1231097.92183231	1302955.59025658	1128371.33718925	1272696.65905731	1304869.57993469	1201107.55171963	1185372.70349178	1193075.93163073	1212264.12466516
1092779.34349635	1094621.63964346	1102558.89465653	1203713.01617529	1288135.75790809	1014151.70983881	1216390.78275337	1210882.69723331	1074751.69416856	1170780.76654857	1126637.92357393	1163075.86206464
1946219.23278792	1918486.11905619	1925704.86484103	2030859.51195284	2518776.94127609	1692192.69284246	2192532.91710127	2199960.3038264	1825455.71165206	2146457.10480053	1920048.99828385	2234662.53252279
1732575.62936463	1985957.45218732	2653487.70011569	2388985.81274956	2236575.63618333	2109293.73037914	2749927.29232507	1858697.94125869	2287788.43386283	2173768.07746061	2147282.45345336	2162616.70488384
1732575.62936463	1985957.45218732	2653487.70011569	2388985.81274956	2236575.63618333	2109293.73037914	2749927.29232507	1858697.94125869	2287788.43386283	2173768.07746061	2147282.45345336	2162616.70488384
903614.700156715	922395.054537675	920924.735360051	825462.16335865	918030.208098593	814342.953521137	837924.455079453	913077.943317512	801972.076593826	819625.444022623	815673.091880374	843768.391177518
100613.589810933	113096.351438648	117828.096102528	105612.043447864	90277.4620381451	96435.9427373528	123177.5614944	95460.3248484985	138287.372846766	115349.368185844	136776.37508157	102575.931094527
2308389.64391858	2116117.38034054	2204537.37001617	2370706.43579989	2184063.8170576	2333677.60476222	2597685.93158197	2172836.8072911	2650837.07704168	2067501.67692879	2476032.30417147	2177280.57793604
655510.690104091	680377.286146745	629151.281673614	590022.187195833	577759.966954474	618858.938533577	676683.557952387	562565.758608307	708350.871462218	648113.499709108	707459.530932497	698988.701033562
2439693.82056199	1917162.04008779	2027468.13165069	2803989.72072937	2414721.90849448	2174586.9098278	2134730.82635298	3007482.81804372	2209386.14380524	2119243.76726709	2410239.0500432	2159661.22067915
598350.986178531	612125.046685116	600690.10068788	617471.469065891	708524.646739524	561487.877481982	667922.614395886	658280.524157267	594288.302010046	618567.70695934	600179.464977643	636866.194535318
329503.161680877	339806.061774459	333405.797731653	304105.109050774	270408.090740525	315419.689916279	284563.301290213	290659.719652347	284627.063281545	240767.336080269	270929.771835906	267862.330438698
1972305.68721922	1863233.02353184	1768942.25799779	1683710.75143801	1797408.31885985	1914330.27895311	1730240.24147987	1735850.72827703	1933073.17047936	1794438.8926409	1782889.51127741	1912251.07797296
1851476.37733001	1800474.5914668	1754335.29844598	1781191.48280269	1837194.37167571	1728641.88741993	1707997.71028701	1946235.02469647	1644981.96073379	1618534.44800361	1762730.01853731	1724927.31874303
849933.493211792	866604.592197563	888813.315523563	984426.117614078	1474550.48156185	988266.784049216	1648080.39106986	1099538.78234521	1344819.11319004	1670781.95794963	1239578.06209296	1400394.78198099
849933.493211792	866604.592197563	888813.315523563	984426.117614078	1474550.48156185	988266.784049216	1648080.39106986	1099538.78234521	1344819.11319004	1670781.95794963	1239578.06209296	1400394.78198099
849933.493211792	866604.592197563	888813.315523563	984426.117614078	1474550.48156185	988266.784049216	1648080.39106986	1099538.78234521	1344819.11319004	1670781.95794963	1239578.06209296	1400394.78198099
849933.493211792	866604.592197563	888813.315523563	984426.117614078	1474550.48156185	988266.784049216	1648080.39106986	1099538.78234521	1344819.11319004	1670781.95794963	1239578.06209296	1400394.78198099
1127982.82309317	1141257.11362364	1080562.70252012	1188941.59529542	1319869.70717686	1039746.47710798	1208487.57237682	1232096.10336793	1089579.07149636	1174546.58087694	1257757.91790228	1271478.26593212
1878668.98145158	1987206.95966002	1938378.11990685	1724273.62397457	1960078.32155776	2011431.93097692	1749051.33482638	1883149.50853537	1937253.71694659	1743523.20357538	1924835.42374187	1883528.80735485
1215711.0596427	1195530.59545138	929773.729366044	948559.618344733	1233140.1842721	1192059.44794291	1308502.04333949	1102006.72939852	1225479.50423593	1026798.71042534	1228885.47668732	1108343.78233663
390378.303644681	336402.295074847	337865.750805832	389187.946819884	307325.894039906	407487.009996797	315869.356822834	382985.609726132	386230.42278221	321614.862061287	393551.385453077	351912.684856661
1916423.49267502	1896600.53557093	1974157.44407098	2147419.02615385	2574993.19618325	1747434.7786242	2283919.52319867	2299713.7298542	1748390.13012481	2214320.2341863	1975774.11569248	2259012.63053584
1912108.71558782	2003896.23469554	1855721.96126453	1708257.72297982	1606980.23349809	1862184.96107037	1565054.39202016	1529163.65032766	1893031.64553769	1537124.32966623	1672676.62340797	1737697.13374513
2103807.84698634	2218783.45361067	2202243.38533146	2269358.4922631	2690729.91093303	1936356.40301756	2318663.63934253	2282475.44254938	2094761.1336774	2472852.27007947	2284884.64297568	2593248.8204666
1939686.6103702	1916252.33534437	1804144.90712107	1727665.64645355	1914551.27967042	1644628.15832179	1779711.94759911	1832819.31735402	1642307.13925468	1799320.24555747	1958724.90723634	2086682.05930365
1760822.25470819	1739475.29425738	1906994.55747947	1776968.65319742	1745643.87001856	1868062.08220491	1709383.15911864	1742534.19971442	1895827.0859518	1771129.34657979	1662889.86512579	1753266.8784882
999015.357185687	907426.553006483	908887.024585679	1049906.6380046	1201235.4681616	1028816.21529038	1076622.70134696	1206448.33525572	1000625.07454694	1087806.99878731	1080463.6429925	1115106.44160401
2846238.49876204	2711484.57191597	2810148.42554508	2982935.44941574	3074401.11104091	2710615.91637484	2960485.98151411	2961254.04884829	2627967.66926341	2657301.81270469	2648365.03206974	2772438.84561671
2950250.92455725	2815084.55421681	2585628.46621824	2498188.74642586	2581747.00985574	2751044.03125362	2573063.92301767	2540925.7007614	2780139.04070098	2418732.9707133	2656062.30833136	2642728.38639646
1606084.14994086	1497635.56706273	1580702.66472783	1820680.08409362	1859244.81331571	1719034.82508736	1879703.36040904	1739369.78361128	1758670.60605941	1699744.82766062	1654135.44845155	1711630.60325746
1544013.42185465	1322121.99372013	1203256.26549421	1437460.34286133	1573826.2946709	1322604.85587104	1527505.76336021	1523385.70960772	1443448.84040479	1308032.49047033	1427601.25183629	1354498.39133355
902362.783434836	865654.662365029	770299.517405488	723778.634142519	801377.476767941	775734.274611477	809859.858299722	810355.901388822	819284.747684377	709840.994880477	800002.060676137	757952.343820776
1960326.18025917	1798247.9966755	1547511.7909908	1836299.68089081	2030916.34814137	1758066.54469338	1865251.78189574	1918971.68144609	2000927.36624998	1863405.67246375	1822971.19614864	1866466.67810396
793080.24181824	823342.856781012	844384.157775596	895643.444049245	1302795.35040734	919202.8449478	1458203.98713276	993016.367920382	1255668.14830255	1492959.39893789	1102249.57550536	1255972.77512773
1312351.93814063	1280285.47757793	1160423.90388018	1196764.94953481	1135585.52979216	1294599.37103925	1096429.96931057	1178955.1818318	1147955.83288673	1047295.80270018	1126005.88784302	1174112.81384006
1192795.59663386	1080531.54535752	1147882.3767077	1055523.98579223	1063880.02051413	1145377.11551251	991607.495684585	970120.331483176	1190305.30701988	997318.40985272	1155964.81106896	1117395.81560897
1737834.63961462	1890847.60486092	2063715.90678076	1787334.27811646	1781079.34408624	1872949.04769548	1892789.95860471	1822567.73821162	1855162.59428076	1551618.69631556	1642144.58963374	1600437.95075012
1353407.99321782	1259605.59529979	1166865.70599303	1229915.50874532	1163166.03890207	1305602.24094858	1156484.63173438	1273414.21924089	1269699.7904336	1046329.45335553	1254276.35629907	1127341.49599231
1024982.49420221	939819.32413318	922234.151310637	979760.743606863	967994.09260483	926925.682109592	991206.826930859	932011.396228533	959727.627610968	892202.983775354	968093.072063818	927219.9214091
2352687.12480892	2302410.41131031	2014682.8306694	2187533.07478072	2409562.46363395	2210034.97638618	2223163.53426264	2287345.35332011	2382030.84674982	2302380.42167139	2353380.68125414	2370818.79570412
116182.7431168	120370.226573811	141986.149805794	127037.11387902	120361.01055947	119707.870682085	137608.256220221	153338.336495918	111752.946823893	140176.807501059	137250.153456243	127643.234696703
116182.7431168	120370.226573811	141986.149805794	127037.11387902	120361.01055947	119707.870682085	137608.256220221	153338.336495918	111752.946823893	140176.807501059	137250.153456243	127643.234696703
148500.052136126	230747.345536511	231133.128969439	144720.799253726	165395.891137489	195952.736086809	221605.449116636	160457.714364647	165511.272867025	172900.155323251	243594.465758241	217210.773420501
415208.661335563	397292.263416047	479922.889273996	459585.926275832	436236.272380935	380909.527964278	436810.47113176	458947.908844572	416763.404735155	373770.772147649	428330.557333934	414311.473246528
795569.1695789	853340.066815722	803057.595924585	734559.259034836	693325.098681154	849379.996197522	775184.249344898	757277.439911554	768648.240721997	548840.323514297	736036.781098174	697996.823928652
795569.1695789	853340.066815722	803057.595924585	734559.259034836	693325.098681154	849379.996197522	775184.249344898	757277.439911554	768648.240721997	548840.323514297	736036.781098174	697996.823928652
795569.1695789	853340.066815722	803057.595924585	734559.259034836	693325.098681154	849379.996197522	775184.249344898	757277.439911554	768648.240721997	548840.323514297	736036.781098174	697996.823928652
567098.656593644	639238.731605768	531732.906657322	475548.360744399	490990.939404941	536984.835831014	465731.77595723	481256.179987225	570405.760240156	494043.55195067	568177.32731491	509199.28024791
974219.875223764	993104.090543474	877998.610854108	745948.145123823	1007666.20062307	779163.464867605	1028132.56903018	767791.93145648	999234.06677259	1043979.81813146	1016942.9830125	1138210.85679081
252279.896430762	226691.509324465	237937.94981916	254697.758184644	291503.90547231	258501.017591094	286914.483285135	274152.516221786	258718.799517959	277153.242684478	260145.210259084	271173.460396608
2034644.02303347	1993430.66673065	2219578.69773957	2673866.28435403	3849990.33988638	2097139.15990269	3656995.77120902	2375049.85732093	2344740.54396586	3258903.41899848	2430162.49046002	3139933.16356937
1048693.02080688	1029985.22174899	1085936.75173447	1149935.18760964	1454547.34547984	911642.399317772	1326869.54867321	1108156.94043356	1206107.23955872	1283633.28026461	1183277.86667206	1284113.74869886
710607.807860313	677595.35657548	662702.277044185	588630.107974362	650364.022664787	634803.638971243	630349.383060163	595893.72431379	709685.183148191	586454.958941497	629242.540819565	600948.522304409
207002.84502305	213293.442617662	214427.059833095	267495.684243675	343111.815529849	200081.629563584	359559.610376682	268105.711387567	226556.562966202	354864.042692061	268599.38047265	312794.764205984
2222162.42107793	2341952.2144489	2338282.83726523	2544349.36994601	3424641.10141615	2476577.26380561	4098415.09362856	2737649.17006122	3168592.62911118	3386599.9647331	3201178.89624824	3174802.5034796
600242.804786018	634965.397700075	636719.93274144	586247.521032468	618833.732826819	472765.634966308	596987.899733449	495579.247573178	677130.936966111	717169.26149168	577439.539825192	725646.012732248
1150033.00004443	1240498.55363321	2236201.14586134	1858941.462126	1292219.48312899	686797.565028723	1447308.37516744	662302.535823634	1208762.73010987	1175126.32075449	1092968.58237655	1342002.67093455
172532.881972541	166761.78264118	164676.918978007	176815.256208387	180885.090916897	167087.045410944	174793.263814538	175028.401518194	168816.783770432	177650.62284196	143936.85695658	179275.777641224
677512.654831872	689392.868517257	723656.092506023	689182.786028309	635838.440469146	647936.276510115	664379.122872484	665965.48842287	614011.604102157	549553.632491719	662940.875865271	659342.968607135
1259064.09289154	1172860.12064916	1102307.10042321	1267298.3986597	1355588.04936108	1165646.51180353	1242101.38909356	1225486.21144712	1151475.41536424	1175411.353147	1227946.5374041	1254703.7522418
460382.629707143	562453.633470339	564543.562814613	571838.61664571	647632.817075824	532407.86742564	600455.717786365	507893.485102722	687509.664082226	1252495.24300815	782723.652507113	764553.578350195
1959471.10742116	1920270.57836606	1884386.28185047	2066829.33247176	2383416.80240632	1696812.61748507	2231012.76726279	2067173.91112249	2014676.53098199	2069324.33913835	2021437.87864729	2083617.52653505
937625.20716886	820121.554162161	868981.33125932	890009.222517148	890262.937370017	840121.204089397	837210.432930082	906051.321572532	761171.597535989	699023.742724442	833900.667078698	844028.78333298
100111.419262535	106106.178333203	104612.92700463	104600.145754112	89196.6555411472	92786.8995793415	91890.4669069295	117348.099885095	103922.534192715	88880.5931334323	98707.1709356743	93142.340147221
374023.925928656	408567.37502397	417601.539636133	544042.25492339	691092.512332594	405013.624125574	740243.926186298	469541.526652509	535609.037934713	911995.810141202	607764.395525716	662316.614045776
1276447.34888718	1331485.70729148	1338087.10091241	1413476.92140237	1519784.59150831	1171856.34302795	1489110.7957806	1369372.20021934	1252298.87517346	1410638.23436703	1357748.36068004	1472976.29030682
1852792.36382128	1920491.97731314	1942849.01413937	2241799.54724423	3071367.57306424	1572907.27871224	3017382.8131267	1937275.9102971	1641101.66289159	3306026.45818694	2466826.36844864	3197403.27183967
1016120.55290941	963838.600012844	1017127.19074259	1035293.23632153	1098452.64396369	946118.839605867	989592.964139239	1063603.8625328	1043193.51105228	892062.514684555	981730.577873396	978465.265472966
2015436.11429137	1903432.56390451	1811755.84153443	1957194.08344678	1853000.64058502	1908075.01442351	1858625.90291199	1959631.42508208	1859178.3143475	1653303.193834	1911253.44676649	1788271.5435097
307917.36342762	339473.129741278	342625.727604663	345812.807489314	502478.114154693	264590.181965583	344369.594192483	324038.926266793	353482.520416696	413051.312277035	358851.87013876	409986.844089945
427288.416382985	409524.952373952	437858.933460764	503224.526707391	575940.263959622	426444.614154349	516536.824060863	511478.802019226	410643.942407313	515148.669821911	418530.993947893	451498.508801741
205788.371552897	173786.99331512	207203.82000933	191000.42382972	223859.387309243	148184.546904648	204813.146042811	213014.616139599	158525.896278022	195669.625083426	170241.968616204	203593.838127302
640254.666447273	802702.172079735	819711.504052096	664187.640033751	745694.61960182	764857.674295289	924024.019377731	753788.255928843	666664.4830674	835210.822290888	861975.648253358	921922.416712978
1380477.84421044	1388007.23924937	1385777.25282688	1647619.09876471	2218018.56037715	1194753.18771436	2065972.38348975	1589911.87241266	1348804.5439929	2325822.70442381	1584703.19672288	2179762.3759145
1380477.84421044	1388007.23924937	1385777.25282688	1647619.09876471	2218018.56037715	1194753.18771436	2065972.38348975	1589911.87241266	1348804.5439929	2325822.70442381	1584703.19672288	2179762.3759145
355040.814562542	400736.780476825	370028.390490651	303224.953723391	348327.108347971	321438.102979386	348383.420307827	336656.069474287	332748.814131507	313416.812222353	316703.565889283	310506.092316657
2044296.85676929	2219144.37827657	2240290.18383571	1955113.33541115	2516953.85630318	1924209.98894019	3087760.42192634	1780842.96819398	2310133.94840562	2533379.06387411	2105026.58508095	2771098.5858549
2044296.85676929	2219144.37827657	2240290.18383571	1955113.33541115	2516953.85630318	1924209.98894019	3087760.42192634	1780842.96819398	2310133.94840562	2533379.06387411	2105026.58508095	2771098.5858549
2044296.85676929	2219144.37827657	2240290.18383571	1955113.33541115	2516953.85630318	1924209.98894019	3087760.42192634	1780842.96819398	2310133.94840562	2533379.06387411	2105026.58508095	2771098.5858549
2044296.85676929	2219144.37827657	2240290.18383571	1955113.33541115	2516953.85630318	1924209.98894019	3087760.42192634	1780842.96819398	2310133.94840562	2533379.06387411	2105026.58508095	2771098.5858549
440108.601637388	476554.896766835	417042.557550558	459502.750035819	485529.950464132	384685.152925017	465981.725524098	462853.481837793	418665.825346648	490104.824604898	475387.188775635	526846.696403825
440108.601637388	476554.896766835	417042.557550558	459502.750035819	485529.950464132	384685.152925017	465981.725524098	462853.481837793	418665.825346648	490104.824604898	475387.188775635	526846.696403825
1162451.61487926	1143468.43735736	1377656.19708863	1284608.43593268	1108053.0298835	1194522.95237246	1142779.82392445	1060995.30685076	1151273.5039756	853812.512869036	1143654.25382296	1047125.56313958
874838.62047016	1027946.83247721	849879.668723797	877173.811245503	1013327.17152146	825534.276091572	1021760.25798571	942884.936056034	858500.929172316	893895.586126995	905101.310099614	959290.15175334
1998783.08009213	2114110.25795248	2116904.49372478	2281655.57966117	3066671.44596594	2219780.95133282	3648296.75110702	2453277.56020416	2877644.63376687	3027112.33592827	2907705.7127333	2843120.28997243
877838.5439549	965312.778151258	827126.023603481	779261.604635854	859586.57697828	940802.619932546	826560.058555677	888339.00733002	915497.057551285	1009101.17818766	850824.563823978	1118765.4897746
590725.587391158	583618.754776269	603197.167646185	541531.285787909	555153.941182844	525757.135338227	589238.741900023	541995.643273184	605820.668708015	521074.873459336	561535.766917816	584386.269559441
390450.935756783	358246.007870466	315834.372682444	365390.466374835	435485.677093597	336845.988583742	357258.359961938	365783.365507364	393739.497993758	450493.217265956	413274.095425145	465643.137054908
1388030.14617157	1377592.80317884	1907585.58963645	2070620.1721476	2135393.20049889	1333294.43884942	1876587.77750167	1679063.50208961	1511861.72873937	1933896.98163135	1490757.86861229	2055255.10783021
284670.262256931	271460.610914537	287201.310369359	271851.764121032	282397.613267553	245772.547175452	284415.08327267	276722.393208716	263393.292924187	249711.91411062	272888.630839789	258802.628967001
211097.208093711	211036.135207818	206840.381006926	180360.708169713	157594.17787833	195245.555666449	172416.999949055	182426.227355087	213337.721000693	155231.796050511	190909.307877345	185507.476500702
281264.502094876	282750.970757913	277731.666908166	235791.71127564	269889.866747763	281086.467539265	234943.010123638	252820.858005057	230940.895441024	344831.545115278	336676.239704519	323535.285901924
225749.013100508	222621.151913699	227713.142601759	226336.253546799	222244.81858801	228403.510499762	210971.594800707	256461.045957792	214736.055157596	189603.394775368	230586.74023338	231299.738461043
594819.956345863	598885.495175923	620776.526436854	614417.836262897	638066.324753521	565886.062458765	655489.748976757	597171.599623354	591222.195088726	584751.785522677	609419.163435275	619968.142010219
384937.059945407	408670.210792855	448205.723047627	374425.29832487	350153.777473211	364186.937905507	394653.598946169	399701.204731793	405870.28932831	348432.164094799	397678.516797027	374182.441519952
1323627.96223223	1440877.98052305	1418973.71067136	1220537.64471866	1568439.17099453	1182151.23640789	1882334.77114237	1116171.55261675	1398870.09629796	1490700.21388586	1374335.32157709	1738023.21044665
1323627.96223223	1440877.98052305	1418973.71067136	1220537.64471866	1568439.17099453	1182151.23640789	1882334.77114237	1116171.55261675	1398870.09629796	1490700.21388586	1374335.32157709	1738023.21044665
456500.842323951	407768.66923897	415444.66426337	438729.669951273	588610.120614095	428511.08645901	472920.026544404	498613.730272203	454986.713154167	471580.7610931	452782.72937284	503918.898513564
1052542.83383916	1126275.60119688	1176354.75917056	1246653.40986607	1112983.14784612	1232638.46380225	1090469.18192852	1044577.78465221	1044809.95463647	900828.118409805	1041992.7203376	1043426.40135722
316728.627351953	326266.710878419	361340.093418714	298250.448044617	225809.566801852	254738.769295167	277481.799983446	242767.364519879	285934.026819245	209076.538552036	323055.772361481	260403.021452086
326615.194505232	309984.942340793	334012.016184372	356365.26227805	404927.749108155	272882.761456108	419897.452749484	342194.390959187	296460.351551349	375860.167677476	364084.724541726	350891.894152011
326615.194505232	309984.942340793	334012.016184372	356365.26227805	404927.749108155	272882.761456108	419897.452749484	342194.390959187	296460.351551349	375860.167677476	364084.724541726	350891.894152011
648336.060246279	627787.566071817	642555.918477141	618683.915454229	675541.261789363	610882.225807083	727259.142868564	615905.05770633	701437.055683967	634576.618318779	696310.040687293	670962.56278777
157243.843053526	158284.229721543	177315.371188251	144586.986905715	161412.773710744	139947.190465462	177765.957865525	150348.242916213	177264.829844192	140600.263672497	185055.441936258	173568.628322569
776730.676940612	651237.898816419	564286.356289268	589058.752400365	632321.96623668	620445.678221248	584121.79066792	639058.520018284	662606.030158934	647071.389851805	634684.407126281	717049.359565992
621765.987733331	558606.511666983	584184.835339792	599249.625559356	597371.95258421	563128.319067806	580689.78278494	569173.16134274	607352.275271658	531496.861769562	589225.353078065	578589.07899595
130094.877844321	139072.071983563	161948.354819609	140885.796117227	153706.109881673	124934.961466688	146207.356731483	140322.236761504	145128.76565821	129492.472787157	133313.36590889	132170.796856623
1079727.33812756	1048152.23628667	1014214.2372398	899688.322236822	797103.850301669	1045551.82272151	834194.365895608	816713.023751308	1035793.48299671	893009.664046774	842492.280672104	879801.797005888
963536.652230609	1006386.87189442	1135647.13187392	1231172.62816246	1614581.26692287	1028287.34830945	1626364.93783997	1176790.86999757	1076523.60923287	1348509.33402199	1205257.66794183	1470650.32786784
256783.052603466	259408.645182939	238882.605107409	251348.824221644	293147.402291073	283386.490862519	332388.53131967	293392.009398346	344291.274490991	303138.42780095	313181.482458731	280059.884385061
198926.364477088	199213.830479089	198733.556305227	222364.372706761	192145.221326493	187592.152282415	162113.208146379	178797.403034828	217028.896288305	154695.595267434	185585.624615986	185529.976372967
198926.364477088	199213.830479089	198733.556305227	222364.372706761	192145.221326493	187592.152282415	162113.208146379	178797.403034828	217028.896288305	154695.595267434	185585.624615986	185529.976372967
2578578.29111965	2751287.59990136	2656766.90844946	3164029.94618992	3688322.84594067	2575525.04754053	3098751.82423144	2998222.00709143	2853849.42992265	4577929.15769902	3230429.3887091	3511703.72046527
670080.583167216	685497.949222771	660171.911414161	748903.894674062	828082.365055535	617025.61465598	762573.811649433	751908.720212843	604342.739416313	758836.642073811	677706.740888072	730293.253296998
684951.502350537	701095.923151421	649205.043011215	695995.671193517	874772.576949307	606062.380999506	821700.112763239	656477.137020507	823596.291363173	1164847.90522558	767153.114611192	1005983.8018198
386915.803312477	319076.091694951	324696.313522603	380843.627110054	484988.180149709	336243.942851892	389665.13406381	452094.142621914	350288.770314037	445895.204468213	376846.903449901	451219.275998943
750687.60390784	703352.249378217	736877.300713218	645225.954395659	706510.218190773	618266.961836348	686558.215871053	679011.114103272	849833.505692683	817603.298779259	687571.813322872	741689.686834497
187240.847104445	202859.110435498	226057.994595575	211425.963019837	217128.134905438	176341.131019827	202797.711821796	208181.697243345	185655.133943004	235269.978770071	168892.698482919	280660.430197476
197615.885899083	197511.065391945	192703.28455582	183172.614402269	212201.520776109	186159.819393386	204980.353823497	206363.547785307	202834.006833479	202165.521453909	191572.71648388	198395.919054101
135317.015719047	110525.591683744	105893.658330007	135458.357215959	128735.194791406	145678.409859881	107846.736187525	153493.099852656	114002.69128343	102137.807316333	113826.608371351	108235.407827587
883498.477173362	912920.580782624	948462.283574353	890092.193048087	927654.580718218	895742.388641912	943359.377771607	900521.056947198	895185.553130504	937901.900885506	896825.130326933	928805.56384555
724581.925392035	791471.193603066	753288.444827722	654977.570649092	655949.081127777	721345.199386361	733031.975357372	569566.73332208	805792.442586984	603786.217374544	701050.713306985	713186.406059706
654662.154225998	684350.994118129	691817.532827449	716164.217594137	822173.750952625	624818.494832797	759711.959421078	779961.460065764	611032.919836259	780873.252594391	697089.404934552	771906.171798291
409448.079169347	443936.562750872	413213.082676017	402295.517639806	440293.716984121	368150.752569754	444711.593255712	407262.662312278	421849.182409998	411007.87875656	424325.299279202	443360.593660339
288155.390814822	277065.816381723	241448.664829433	267201.256819389	180473.531449903	261737.714230472	200261.451907928	234039.920382936	236187.96385426	209193.232529472	215643.261827164	202189.108577747
769426.549986603	807882.621197335	723966.59221466	738556.257830267	778990.615759973	697913.800666666	800204.484019801	785446.679760366	685882.412314006	725210.756926262	762518.653544029	750695.567655358
51959.5588230476	48393.1848951585	45809.0047509376	53098.4456116264	68215.0097305062	48834.7357515	46013.8157588955	56481.8577573647	42046.9391464663	55882.0924936721	55299.9450479368	56836.2231048805
318602.576112324	390043.042385491	380871.274983188	291382.535124528	315953.837030598	340969.911390832	381464.661375506	284007.460889809	256141.377863686	318044.198006224	350422.325963551	422050.180430347
1497127.83899114	1449040.36456157	1289913.97313801	1368834.14943517	1219844.17179652	1233649.67925821	1299996.46863237	1213334.07883583	1261494.04236837	1069381.19803018	1300192.09598766	1242810.01904941
949188.487332429	971796.778115514	925119.446082218	942480.598133028	1069858.94188111	883992.921911864	1008339.55602659	924740.09891049	910185.36556433	1018557.13849019	971238.553231783	1043172.83266474
1065110.77675028	1109874.7547126	1033778.40067464	1174989.00198137	1305672.13224857	1075855.69095518	1155756.76767672	1221578.40694419	1081405.41234088	1191618.4085876	1112593.59623609	1189948.3211912
910562.752186415	1017559.90548448	1206721.10951906	1090287.31355014	1205796.04832037	944236.060730426	1483786.26763569	870251.479267971	1091091.76996069	978733.708913822	1045541.99328875	1129660.16950204
910562.752186415	1017559.90548448	1206721.10951906	1090287.31355014	1205796.04832037	944236.060730426	1483786.26763569	870251.479267971	1091091.76996069	978733.708913822	1045541.99328875	1129660.16950204
404653.416843604	405063.84377199	436126.071294486	482774.947125161	546504.472999586	388089.161624338	499773.099553073	453551.614824809	404030.560129094	436326.552779404	455798.402998404	459063.641770416
1499716.41593887	1574209.38321093	1863808.4339964	1646447.98197001	1376610.69906837	1565773.99219385	1510000.26193837	1376994.59613754	1583155.31521724	1218397.49953701	1572067.36206631	1475931.8554383
51080.3727779315	42292.7741200354	45051.2493154238	43520.2500868861	64253.128111635	40332.3905105403	50453.5796578577	50481.9755489357	51355.5233226513	58030.6710084068	54787.3356210457	58343.1374265648
308685.194322626	329340.853879148	324891.725904615	347413.872382657	332161.670934132	297837.559112828	333380.121413432	336526.417695477	308659.742608836	287957.649348652	323366.828891202	330567.420541874
405782.840796149	400509.10152194	367078.185578394	359999.65336299	426859.331695089	391847.906198268	382473.827786273	365784.023947899	407261.107596351	449217.553935691	386686.938956761	472749.813555289
496105.184824211	463143.8953922	470555.540692458	476793.681124777	572899.480167767	463380.329805351	498361.922993346	521906.739549769	507101.115978345	601317.863645741	485033.475951557	538098.76830834
405519.849352164	390586.257420214	415170.886091972	437478.656052552	361149.119785118	390941.965385103	346889.832381309	399116.140839536	405256.124059342	366359.728280785	405103.504385037	405948.027313973
385140.938099345	409861.909509398	383486.700308134	324426.652233277	449990.130245183	348614.561359874	413480.888934705	345811.735130597	452832.559027422	522581.441028373	434272.322543903	512937.120199014
1353407.99321782	1259605.59529979	1166865.70599303	1229915.50874532	1163166.03890207	1305602.24094858	1156484.63173438	1273414.21924089	1269699.7904336	1046329.45335553	1254276.35629907	1127341.49599231
904587.824631972	860124.040232949	956332.952135697	852311.416161122	958161.567200452	848962.679708238	818497.054452866	970986.880256167	879341.815551898	806244.578280585	936121.771341803	857558.806822926
246807.455341963	259370.848423903	244104.249344393	206821.157329308	211310.82885377	221631.615079651	241754.733404427	230392.621702809	251208.032688324	219256.089065385	254849.489097807	260986.77595585
294948.872766756	237226.595666747	235361.693773103	344623.677014409	348181.13833812	264194.836177966	332349.530729047	344800.235095515	247335.902987541	319238.963682022	296255.779032414	328364.494925265
405187.491987137	491059.518913761	396898.276446213	414637.955015568	472244.825162393	404573.73004995	434210.039748876	435596.1935455	400882.740759422	437690.173708903	448775.301958267	444899.5838146
125403.481488734	138670.023915624	122503.348455008	123236.735195296	132855.615169874	115986.31930992	120678.639293292	136917.603721145	143800.50200776	129874.138558328	139851.321657413	142626.070566337
848827.211357791	838458.501466904	812435.019471139	930045.605919156	1007748.20242893	757167.95447635	906487.521141758	931926.625966558	792329.60404705	893205.956628154	810933.737676436	883939.168367545
848827.211357791	838458.501466904	812435.019471139	930045.605919156	1007748.20242893	757167.95447635	906487.521141758	931926.625966558	792329.60404705	893205.956628154	810933.737676436	883939.168367545
529419.633152057	504977.569761672	432305.622297662	429874.574170009	415060.193025166	388295.669006212	458858.235822233	414519.268737606	423050.267663782	395491.493761331	467877.571040242	423188.896306059
285344.261735178	274240.920437358	263988.934303389	264364.155957736	254875.499893604	263423.289799232	247264.895506066	292080.688439506	259283.058126397	240679.978608604	262505.925797828	251697.390327724
168044.543087721	170609.521863416	157382.353393938	157085.544921116	169469.123117861	132698.847018421	154297.6861662	169461.538070852	187833.861248851	133988.189336433	178605.890124503	173880.647307331
168044.543087721	170609.521863416	157382.353393938	157085.544921116	169469.123117861	132698.847018421	154297.6861662	169461.538070852	187833.861248851	133988.189336433	178605.890124503	173880.647307331
1528010.05285933	1979572.21443742	1744395.4553914	1634718.86357287	1825851.27593527	1924401.42544433	1896138.01934352	1710280.89568641	1670599.60848598	2570673.1202855	1702442.93612987	2589514.47723681
104694.090788518	127376.086660813	142887.094415778	118687.061060082	126620.263512777	110704.54894363	119816.390563092	143124.347208956	104043.768562551	124857.991809431	116832.668665834	135937.249653874
1281501.23681927	1404756.50808259	1312317.26228228	1058420.99780996	935816.077373981	1204243.89788074	968676.282028229	952005.759102288	1236027.08217369	946102.509376371	1102378.76156046	1133480.24369608
1281501.23681927	1404756.50808259	1312317.26228228	1058420.99780996	935816.077373981	1204243.89788074	968676.282028229	952005.759102288	1236027.08217369	946102.509376371	1102378.76156046	1133480.24369608
116739.810054765	131452.167852462	146696.302110257	128617.662324774	108956.130998369	124893.132208691	121031.104228432	127229.600978982	146232.893155282	117646.525108762	130819.077478052	128106.917654454
284123.585405833	249908.704475587	251871.309449563	265172.940049954	241201.813109791	277654.440538671	239522.315452202	243661.11865418	266037.299738744	237442.701648487	270818.724582882	270475.500914485
346415.134879654	294694.505778254	315130.547555192	432285.977035572	422215.368255032	334091.534340634	427267.070370318	441670.973996297	321706.36699394	373258.80360751	344918.906827606	370766.649369391
560184.315412294	561238.407302371	578765.959772649	606986.36142257	812059.107344157	614714.725973758	841994.769255171	682099.781314212	691560.004807871	879441.995395629	708577.135465584	791023.286153791
753326.088732435	749672.121617778	750156.65668254	722164.868594592	763948.4052647	660949.690936227	746940.584778662	708422.855153501	663807.683154701	664580.869494151	682524.823245777	706631.643442504
694104.721741371	729984.79069222	702606.031030669	642141.826678435	617294.720699044	614944.14211501	638549.250984217	620398.837785134	624624.177825341	540611.00818325	615075.45410881	567241.579622665
694104.721741371	729984.79069222	702606.031030669	642141.826678435	617294.720699044	614944.14211501	638549.250984217	620398.837785134	624624.177825341	540611.00818325	615075.45410881	567241.579622665
983567.501416677	1040743.73230127	1015914.60756785	1034929.6253826	1110486.33896252	981049.532714738	1136327.11327921	919004.007547119	1057489.12781217	1043519.27018735	1043890.61014888	1126119.80393786
283929.483822517	337997.467175811	278169.295407138	228848.747239808	249690.756083821	318072.361184265	303786.342835065	223146.035202247	273586.976335834	260320.686391693	300706.376695659	331980.222900476
173519.9199422	213984.594393856	211463.951296003	187868.019948039	201301.21710556	170137.818526419	194649.027088184	180900.552214308	183606.953256339	190666.459464021	180344.077666301	211347.380617919
697771.497369314	696351.161188099	650374.76269679	825478.628360028	890298.583224935	693100.828788756	835282.042165244	843374.938628091	655428.939289295	739925.46919266	708031.761161551	767888.285278699
804489.807064549	863354.198973119	877271.390769834	931019.525072952	1225363.58050798	944368.699286658	1480523.20662719	976061.239744925	1231641.29894275	1296713.95590479	1157509.88412102	1217742.76888046
342381.640057635	353260.228857288	338776.486540966	287687.180658064	287375.358137938	303421.53378225	297899.597730278	299230.577927267	290414.155743526	272342.193369007	323402.445499834	320628.953063777
183359.11893105	192206.349194755	200581.737775234	184146.741416061	206065.732634346	188452.157583664	185762.529020595	209630.249177981	183727.894587113	210522.419680144	191355.644382477	205379.504854016
16326.9902171292	15637.9430771777	12501.1919483356	15814.7303071678	19021.4166576031	15125.0633650408	11019.8173969878	13144.7845537211	17169.7630820492	19331.6227207464	21665.5263444807	19915.421739242
128134.181070255	139062.344005513	139941.51510507	133288.677508364	145176.470551848	128536.368334485	145186.099912239	120832.65382054	114946.624665601	134242.445470768	139046.828175404	138705.51149642
498069.339413379	426200.377860984	485462.073782145	676003.252648871	633981.610706446	549909.718979685	553726.144938103	687680.053442679	500257.836446761	562595.16963941	511478.894187014	582031.004478444
404570.941213585	411920.569536319	437388.916623835	427295.170286313	505894.423499266	374054.186697945	406205.530833938	416717.437105991	448397.777208034	470185.815940744	426833.294921364	509525.321445214
129506.557795311	138211.14528076	152095.890052494	137105.33838235	147879.402499776	131314.022888608	131746.579226966	165989.650080469	127366.855051912	120486.240922059	136616.562083695	136252.990386987
182628.568601655	144595.999786478	143586.663097325	159021.254192631	187639.411222641	147295.253463795	171760.251026804	175279.11257726	163353.150047361	169240.700175655	164190.906429903	158855.875847123
490806.414604645	467059.693842102	447755.795833063	453496.185019983	395691.199113522	432407.113966677	454719.607330902	379301.075855806	449643.995474929	371757.80725166	462071.378652363	404340.448000419
490806.414604645	467059.693842102	447755.795833063	453496.185019983	395691.199113522	432407.113966677	454719.607330902	379301.075855806	449643.995474929	371757.80725166	462071.378652363	404340.448000419
307021.75796984	318354.995668066	317678.676774512	301438.111477365	400549.486549752	287353.720009833	354390.316088155	265947.048144394	349971.10299084	374698.74444185	328444.062619052	396794.889582089
250518.97450723	235138.528776017	233841.294381732	255025.600413324	284504.304841133	213619.293159217	271591.776792606	248356.343549526	237716.0286053	260725.497758813	249997.906089779	255282.664371723
860576.601930798	958826.939322313	1149014.28866647	1030132.4088961	1106609.63793476	889504.112530705	1397362.41890027	805277.329157059	1041516.89189928	907883.291361115	985368.255242183	1057570.28549662
860576.601930798	958826.939322313	1149014.28866647	1030132.4088961	1106609.63793476	889504.112530705	1397362.41890027	805277.329157059	1041516.89189928	907883.291361115	985368.255242183	1057570.28549662
860576.601930798	958826.939322313	1149014.28866647	1030132.4088961	1106609.63793476	889504.112530705	1397362.41890027	805277.329157059	1041516.89189928	907883.291361115	985368.255242183	1057570.28549662
342896.660548584	411276.777714624	462362.326598478	334464.964425197	311155.621326829	378909.524564767	335032.670069718	286603.842196585	344302.638245685	260334.79554897	318542.735036321	288527.957210139
217056.823095939	165745.363891073	176838.539713568	213389.593860933	272005.63369545	225493.29915161	183386.898617438	271421.322859438	201373.369340826	212038.954904288	243660.083859962	227932.60098234
409758.347857079	405979.71830812	383169.752527861	402948.874948153	473496.836240605	357395.508597513	409667.776218191	434584.542491425	390700.142127236	390331.511029871	420698.460207966	410909.551996024
234905.674758666	244848.682244481	304893.48189217	203110.445192342	244067.262273084	196477.321150036	249862.897456847	237686.728874437	235462.878441672	209201.868014269	236770.791034604	245281.415472599
137375.033251757	157717.019590674	164538.062382606	147723.094303686	161828.003691873	119128.387744784	165636.367524081	146950.837741721	143944.718422308	141853.087879816	155058.424104567	158828.769039579
152802.03438457	151504.564541995	150155.932537722	161855.84431975	156816.046451291	156002.70193398	157978.244934424	148057.723864681	161241.642913721	130628.561216932	148797.767010016	159222.78792186
686350.940697457	679184.92315503	653964.94291467	644182.173801089	714620.830768723	633194.689265648	778822.655839679	726497.875511677	554812.951298591	642391.664500805	641355.952080896	694437.014240826
365785.384929001	368402.916315004	393511.912105664	337144.369955739	333628.148681742	308819.13577495	368975.510533407	291104.084188501	346867.379210377	269763.132242892	384805.687512352	314159.186043747
72527.3101362309	86822.2355147679	82926.5089827733	69209.5206029002	111865.211673529	83599.4015806777	83954.5160483828	86285.917489427	79561.0709567104	92201.3069733001	95165.9146833415	103788.594602437
253314.898630627	275313.48796985	267235.158981502	275137.746388675	284154.953938089	244008.347342072	302569.710701194	268303.180888196	258990.841096135	291047.875666947	247836.922404908	290560.148230498
120732.65328223	126017.345527492	124204.759337367	118634.10768384	115909.02630756	100008.342746817	108234.465907449	115818.597916897	128814.84033541	107678.317725344	109411.897075634	124182.651462502
273241.269417162	276661.646005294	262106.511039262	248812.908651476	261030.649401401	245343.939266588	319540.703768986	243765.697960321	262343.63232438	217968.995939461	269065.976702154	269099.27722666
266554.961824691	243786.187124139	246003.39420441	262298.744198092	298571.320599481	256168.169883497	282031.932032854	263682.716103565	257298.132458828	282843.150532974	240601.786378888	262877.207082488
137887.03767479	150782.417606967	223774.583484969	179535.486860743	159051.569422473	149934.987255776	176901.425477166	152178.254825601	140368.707988679	112749.2740336	129051.740209349	136248.567637117
112147.014629587	109005.963336117	89315.8096699433	117415.531614955	141168.86481938	105611.060769673	119176.17616773	129618.548754735	106703.519235135	123649.156345086	107504.493039335	121580.538185764
198926.364477088	199213.830479089	198733.556305227	222364.372706761	192145.221326493	187592.152282415	162113.208146379	178797.403034828	217028.896288305	154695.595267434	185585.624615986	185529.976372967
121563.686876226	126595.572236129	125912.095233412	116259.146468051	152307.032437543	117850.81056985	139412.193292331	141156.334920251	109150.340606124	139801.358531566	121637.586012864	133847.948005502
265136.227034733	277428.780051959	241744.26202119	240885.170661101	330946.712919336	230517.357493337	261250.02808296	291674.529892414	237110.543609702	277507.229142101	250566.849594351	292012.141300651
240236.12491211	311525.465075567	249284.291831938	190405.181932713	190763.565353945	212962.726649399	211810.252769204	161071.589627059	215729.406563154	283197.397180353	161792.937690387	261991.830249767
125273.167413286	127753.464376596	118935.067638733	147794.213727586	128858.209470013	110282.766192535	120236.295167805	144084.112264261	125308.807961999	121830.338124219	132527.6445399	136032.327658914
441042.828123127	396887.721657453	356340.408799322	389808.189115953	487795.704032959	283908.276465631	506839.747355977	317366.609689286	640987.709392595	868072.292639571	524498.100846807	749035.747509894
164336.569679008	163702.508925224	151392.010039487	114586.688581513	97969.5485678567	121502.012695861	94620.7248568767	129902.212810721	110622.075592876	67493.8658807541	99870.2095028336	86296.3412885588
676833.855881183	684916.897440817	704854.427497386	739987.961543227	650203.445390347	680778.847230816	680745.898155984	652060.581231429	737495.240527772	563562.50376076	697164.763061629	677949.28038835
75492.9255448276	82978.0567587385	87251.1270607233	61932.9194593599	55415.9407060106	77062.0000130657	61532.6976937166	58889.1185966684	71595.7849672974	45043.8025270635	65676.2885935342	54363.7710761252
316503.013119453	316306.405257389	330342.978025591	300221.371433939	277710.440630598	295418.956384655	305842.161695932	273439.66107688	333532.1759836	296030.192925974	319158.196301188	337770.986850001
253889.434347636	284665.274921507	294595.362223936	271765.807839587	244745.138916562	221564.828611532	296987.361639598	353009.788482012	243359.927837221	186536.00012445	289009.445466212	232808.637803647
189211.486607703	166900.913605736	178730.638347209	191680.935325289	201962.394231201	147230.750140952	203580.027464403	182223.574856255	174006.01880224	160808.007716298	167874.984929476	192617.59384162
86473.8136968793	87823.3734868362	83811.8080153756	81270.3852621236	107798.145161664	86055.8723694292	75414.7423704599	81076.9993733106	77050.8535999228	75026.002993003	86337.631775355	79966.6702420157
146088.11899983	165828.499814754	185717.086605588	131867.185127611	110474.094269908	125233.000982199	115945.301940496	121415.371308964	134562.880955741	123744.012649789	146041.401359371	132762.654456703
237035.880790959	229875.473525976	241638.595129109	225409.45948206	283362.487086631	191322.080066183	285659.924818973	216711.482744134	297824.571437269	304639.404618099	268601.684169266	291494.102628165
340431.973460998	348860.724439875	348107.700437535	297496.602601502	288216.72250164	318273.070221628	307327.669811331	303713.356355514	328551.104863762	262366.792559188	317912.430513838	318902.784298119
849229.173922913	942426.573800482	1831568.36420929	1521818.51821512	1045857.17159074	514987.837594379	1181973.76494873	468675.902377566	876002.052895134	929303.85131985	773687.023963791	1073733.57442642
849229.173922913	942426.573800482	1831568.36420929	1521818.51821512	1045857.17159074	514987.837594379	1181973.76494873	468675.902377566	876002.052895134	929303.85131985	773687.023963791	1073733.57442642
849229.173922913	942426.573800482	1831568.36420929	1521818.51821512	1045857.17159074	514987.837594379	1181973.76494873	468675.902377566	876002.052895134	929303.85131985	773687.023963791	1073733.57442642
227048.412739239	224627.95186089	211657.671177172	186907.888338854	254601.851677096	212280.52625638	243926.883365828	227504.12783344	268547.993166682	217234.567834333	219104.469722328	246105.89587985
304924.002571303	300097.050910098	296930.007478746	232416.686453763	244322.378174569	293753.636639514	325522.857502761	196138.288289611	353474.3765622	235297.312367822	254557.202884527	280590.347502722
269496.640887924	272706.939914642	248488.740114757	219281.234770757	301998.788751795	251589.531168774	267356.396554194	224614.812689811	277428.591026176	320783.397605979	249132.675576945	342450.684858496
269496.640887924	272706.939914642	248488.740114757	219281.234770757	301998.788751795	251589.531168774	267356.396554194	224614.812689811	277428.591026176	320783.397605979	249132.675576945	342450.684858496
269496.640887924	272706.939914642	248488.740114757	219281.234770757	301998.788751795	251589.531168774	267356.396554194	224614.812689811	277428.591026176	320783.397605979	249132.675576945	342450.684858496
1109921.73966082	1202585.97971056	1137674.86767709	1140968.31511539	1431320.60111404	1042063.8891957	1442552.36362144	1198016.23616956	1107221.21588603	1447631.05236758	1299580.68000171	1480442.98811837
664384.271609035	694602.841709247	640467.481470483	732531.814922763	812184.995362289	653909.733893663	819459.760827522	744003.372053868	635213.035195805	771051.903454205	694253.104685158	719010.231024367
72214.6716430098	69878.0522594248	82048.9284037017	104004.345381731	158757.344919767	78460.6966125422	121166.146555593	103722.37283465	104222.939379228	134545.983004386	106151.914715628	134305.65139552
106617.132915828	106470.704422018	104427.573993689	85470.8365772654	68113.4962638875	72492.781518989	76620.7283369894	65326.4334342162	95610.9687175887	87395.9543451223	85268.5823479881	92894.169921353
275171.013862209	245287.691274153	247642.62823321	312395.717055472	295154.115752186	254035.425444362	294480.502164694	320741.313677404	263019.321094723	289877.41067867	284472.559382863	281944.052091753
108987.925583495	133844.774014925	155209.224343459	122972.012096982	151418.701797196	102026.394881985	133420.27363706	128528.635146933	101077.81440967	161970.02351874	128148.743962361	190224.8962467
147526.191914063	175830.73218129	155866.246399572	182106.024531302	301283.369366697	145596.521229568	187679.310090332	516220.490418485	492805.638122457	293517.594433152	521802.436186226	290896.818866124
286329.282421908	222785.389256334	252224.350195154	360622.359644974	473808.460408502	254515.392903036	339043.233783631	432503.000029639	253596.62170949	369718.987312322	302186.195894561	354183.205158575
286329.282421908	222785.389256334	252224.350195154	360622.359644974	473808.460408502	254515.392903036	339043.233783631	432503.000029639	253596.62170949	369718.987312322	302186.195894561	354183.205158575
130698.640947498	169279.999211129	177196.222308708	161200.69064687	159547.72563653	142137.137346854	175674.52764521	168413.209438818	147874.695986024	154708.557569684	159433.687677714	157211.774271827
65049.0704885726	36597.7641869115	80162.2086952613	43012.7172845972	64777.2618848355	33268.197895015	78695.6679436764	47538.43537501	37385.8259675838	64669.3750180228	41732.6204822113	49972.4913730125
1602508.2851692	1836333.27378875	1757471.25360664	1755780.52018301	1528103.47409868	1614485.62402492	1617816.11529568	1466750.17852686	1458435.87804348	1272356.22474938	1620680.47385543	1583914.2625825
120300.230531251	175737.004805776	188959.851886777	149372.792493606	181295.735588923	165707.292913662	224808.864657519	151511.164165844	168896.205778366	165505.87230829	190652.153307255	216378.988466537
120300.230531251	175737.004805776	188959.851886777	149372.792493606	181295.735588923	165707.292913662	224808.864657519	151511.164165844	168896.205778366	165505.87230829	190652.153307255	216378.988466537
76968.1671354513	71136.294915912	62805.1957403989	78300.1699903906	125755.103021624	65676.6109180603	80489.1459261823	94837.002397133	95261.9452196372	99399.8093825986	106379.844906701	119312.952199777
533428.130751921	571716.628787729	593863.717104558	601506.524935324	649918.328304547	460395.155839084	610116.063374501	594603.342527718	503011.098372087	551991.391978016	555581.581622769	590938.413351169
619728.547335517	648605.799685644	554655.558156634	563663.52933128	629651.710208866	531502.658111673	632232.872885075	571358.224440593	624429.7211744	662016.845325081	643832.271163261	650229.426432403
483724.385709145	530626.401935171	553815.848290756	490494.336966732	513239.264723715	481896.137281264	524206.064991255	493777.747958153	542394.541099352	453655.327717711	511732.45821637	487483.190549954
302721.068370723	321568.110811881	297997.796288368	246540.835854712	251388.770193125	249380.591878735	264493.736502659	260263.585769411	255873.572366901	251173.69338875	248444.15787237	291963.97720011
444319.843568621	538954.989757154	512908.018334298	434671.143077076	444588.468119262	448988.983971301	450544.837605304	403406.272290121	436027.324281912	401293.966931663	479519.40884574	443634.450289865
91329.5680751991	91683.211831946	107223.719228145	110287.152355201	128429.824527339	92406.8335517859	97321.3771219219	109551.961147721	87023.1826124419	94382.8817500791	98185.783200032	98646.7246288672
336799.995762028	312417.660002108	339934.639324073	354305.441091038	393635.884500879	314450.989328956	390827.191273398	358619.538295226	382483.638273751	355263.06882022	392365.137157197	355003.168551587
299608.355275191	347085.690186728	369722.625426416	253185.581541555	203430.514861989	332115.28155968	230620.026173412	228169.739828309	340295.409194384	245213.082859131	268140.039666467	248749.315874606
299608.355275191	347085.690186728	369722.625426416	253185.581541555	203430.514861989	332115.28155968	230620.026173412	228169.739828309	340295.409194384	245213.082859131	268140.039666467	248749.315874606
449150.008338309	443574.590762369	526591.930283502	424784.62210342	395943.068778928	440266.830143297	389501.557079341	402511.6435442	410023.64997945	402341.172174475	437028.220425831	594016.542271256
99577.5412886735	100287.035180709	102363.985589685	105285.937421928	151351.118038945	96390.0536586688	123299.338978394	117270.51416668	99340.5543630778	151353.646511645	106016.908776124	151898.634988891
79479.1451286366	82589.9029000679	93060.9634628293	81462.182576815	90404.9100608622	74393.114779604	80838.9244628381	67843.8686014526	92035.4975542094	98738.3625623729	112366.540573969	125885.770925458
126658.748329391	115245.132276065	114523.518111814	140258.737028341	171169.435844733	105415.713506558	141423.169096193	153976.707316147	124138.336012022	173023.088858158	138355.922873674	155457.736655832
93089.0887362315	81032.0348938428	86201.6818486214	103991.183654353	114610.848608182	74803.2215394758	100220.609687329	114938.573230428	81553.813993725	93741.3703987089	107346.400907603	106480.434068472
140565.485663814	134235.966736398	128742.617556392	128898.031215656	149482.017625956	145062.906935804	138186.180381953	126107.166944865	137627.664884282	126313.532489316	138560.582070067	142135.125632355
169074.648649918	138239.640281114	125827.125954904	143342.338791754	206732.974168464	148897.041466886	157079.105231703	191264.560828615	152887.259583815	146947.980266922	152944.927342634	138960.435953908
568165.700882291	517565.615600025	559248.261803021	476351.444937965	369121.518136018	563771.075738052	393308.648702912	435474.590527149	449189.272779267	315055.243386808	436638.651321932	387417.355519389
133313.030238857	135920.553557898	134872.266485285	133631.878079355	109151.385346124	109218.348955042	122308.518659701	138959.451118751	122571.342290487	109747.997848844	136465.409183537	121786.633812091
115993.268737503	108032.045679724	105501.132818042	125566.719271383	149568.21504451	96519.584686162	122818.490770188	121176.675439247	106358.235278704	141827.684738835	123391.68713125	117844.849895304
165128.557023642	135691.769061021	125228.603785195	182506.562862487	197046.6515253	156678.830827688	174762.897355825	200484.961541703	158048.912701638	184628.123573046	162782.950440909	173328.22797254
165128.557023642	135691.769061021	125228.603785195	182506.562862487	197046.6515253	156678.830827688	174762.897355825	200484.961541703	158048.912701638	184628.123573046	162782.950440909	173328.22797254
328427.019615236	349885.585683971	341024.276400863	341834.2881134	445031.884254431	320720.323972402	374383.267238481	357839.32925146	313566.376942833	345875.603440627	320196.997688593	350600.027221116
229154.368942411	210622.707593174	222063.619030681	187149.995549304	150988.766585531	200002.557809734	161110.237365773	175926.8449694	166589.772531077	150848.112371574	150609.046363944	189762.710422009
90736.9129508779	87170.4902713972	96283.2492466089	82045.7894092082	91391.1851646154	79555.7278719307	77154.3890297155	81290.9989982347	86041.9795495553	84094.5940449993	91612.2285434854	100574.879771563
118301.928447659	117064.609972126	98257.6774326129	120125.28607645	154274.965040725	109705.15555228	130202.537389409	130190.805038814	121603.000143118	147379.069227102	140006.28637489	156757.398781249
253764.451172414	263103.763622516	292658.171394614	214151.892865881	215766.886557203	222343.98793248	215799.139547538	188588.430904944	225394.726495687	225023.780625663	284942.910792557	298956.17329919
503788.410559079	581366.985548015	581194.863895668	561041.979194876	662385.175042783	586384.678601118	817518.48744513	537783.64442235	770197.040646558	676369.231104487	718794.734958326	717356.944595238
244810.47087044	211110.498531258	197630.015349832	169314.961036644	196445.986680359	204646.383561539	197078.757766886	187289.892782091	229634.100284267	156488.163018272	203091.81799685	187221.370249677
531633.812067278	540386.916761381	503895.392011642	559643.437619155	733923.499465827	429000.656065745	597424.689176235	570723.266731522	475964.966873368	603323.870417118	509877.451149488	570833.794263547
512200.920613346	479212.151163789	414236.308505798	453549.653745385	581118.889208212	436309.025325001	499463.203348682	496432.309689436	491585.820766489	653067.409797429	503659.149889593	588297.082667624
96986.1018328087	93440.4839312242	91295.6998808436	109811.224846277	135823.147576796	93003.2724991454	112383.961397879	126711.725972127	102059.199020749	131540.040416041	102863.816002065	124813.00210228
372642.792747109	389355.576649057	393180.885920521	298776.989694239	244702.537232046	357326.013336287	255350.45308036	264917.187152008	362863.509284681	278286.982368638	317288.466235592	317841.247894883
368844.424036256	330973.291808618	361057.640038621	399598.012193456	421001.303431081	343402.575995438	387143.214933936	448551.511991046	368733.446819843	373373.149647262	375817.953565571	376523.534763559
539016.093631577	457201.243236087	461107.787500857	534651.01582269	444450.522533749	493270.109764255	382647.450510541	598989.618563978	441008.286768929	602619.172498638	451176.611191621	610272.473570823
539016.093631577	457201.243236087	461107.787500857	534651.01582269	444450.522533749	493270.109764255	382647.450510541	598989.618563978	441008.286768929	602619.172498638	451176.611191621	610272.473570823
188893.881547881	167755.073394376	183689.321852744	172670.805222726	170400.889063253	182005.352905449	170957.599094046	181901.433923294	171536.254090087	144908.278623753	198786.372249865	166526.336387816
201624.57008205	212280.248725273	214906.433024372	233861.185121956	283437.490736723	192758.343475833	266231.15191228	241032.756283871	203853.188219871	251621.109553283	227293.20162546	256243.5491391
317957.980447889	278041.952850632	284657.037072507	315694.028286934	392361.293822918	285314.789730261	322425.252702729	369579.610581957	284541.559129652	310882.977650055	335267.022910283	335604.522719294
168735.854615627	175736.754739138	184662.66933264	163077.245131442	194610.52024651	176186.172441209	175362.849325191	206204.810872414	160161.998054073	164273.878634521	173223.946183208	173354.937772481
163576.802225989	186241.803836258	201590.385535436	173794.391781111	221535.224586555	171027.252137688	221599.00022954	206682.428456458	163293.467695911	223057.052204406	177348.370861628	197157.455198826
746462.612144346	773466.114236112	746946.773075849	774732.653309957	883670.796887815	745387.415309761	878243.357511862	695204.054325662	796935.39478745	824060.363355147	816063.018156158	898989.038996669
746462.612144346	773466.114236112	746946.773075849	774732.653309957	883670.796887815	745387.415309761	878243.357511862	695204.054325662	796935.39478745	824060.363355147	816063.018156158	898989.038996669
151434.879039389	151566.144739806	145085.063889075	162936.808852977	165137.109881674	131506.199072509	174674.546690774	174378.625433562	135451.807602905	166239.314749835	149695.922895364	155305.92388368
440823.724171926	416177.881738894	415613.77975188	487186.52029844	564532.639063544	393784.585199999	507741.312852437	482643.95317956	404561.570648068	500953.263527676	428459.360717536	524157.685335823
218034.687930443	237567.858824973	265139.778942897	191413.535512207	183467.218090834	183871.740162462	195050.994975814	185197.757284369	208880.621880182	187497.497173545	203544.115206763	213687.73027856
239600.647089666	182820.760323835	175294.772418079	235234.290959669	286252.706135132	196400.362380813	239733.046973802	246417.917347704	245271.951831056	289738.475862199	221559.38073341	260147.903962629
109183.420699802	107182.685988489	107689.252818372	107103.608704688	106868.573265314	80716.2969173423	104616.290828467	130607.755099338	93862.9192277591	96060.1297589657	102741.354088924	119836.221289311
263680.54585572	384469.464130645	384742.433831488	331124.091760642	361315.228568629	979112.52115147	359071.104483351	645508.774083951	312294.992000344	319768.716324552	294733.797329057	401941.853169763
375821.305844574	385845.180086277	432651.359861285	466964.712393687	416100.001675554	367874.081812824	392047.85362	531713.44525754	394621.118493403	378231.124493676	448244.491088294	387056.940477246
43240.1752873553	40331.743993425	37700.138079043	48505.9952787739	51311.5294755208	44162.2480541934	44610.3634840756	41585.833247198	39093.7521670453	43699.6290221755	50256.5290092198	48206.9851338876
16926.5193573642	19487.377833704	16374.1551190474	19869.8437224797	26731.1807148582	20549.6868949741	21044.2171997106	24334.5331338277	20789.8065145817	29584.3184470114	19658.7939788387	23543.3650758244
1824876.94306776	1900186.79260536	1607158.09809885	1583432.57131379	1384722.20488751	1838374.57129445	1470517.53625401	1960567.31816227	1426318.21486279	1436872.60841141	1528990.8037142	1746496.46410846
1933118.96434969	1937946.77440543	1833577.43767375	1806611.71461818	1892646.12125638	1796090.21600283	1803749.57108608	1713350.83233633	2022709.30592681	1750521.3404271	1761483.53628431	1851362.50370845
1933118.96434969	1937946.77440543	1833577.43767375	1806611.71461818	1892646.12125638	1796090.21600283	1803749.57108608	1713350.83233633	2022709.30592681	1750521.3404271	1761483.53628431	1851362.50370845
1933118.96434969	1937946.77440543	1833577.43767375	1806611.71461818	1892646.12125638	1796090.21600283	1803749.57108608	1713350.83233633	2022709.30592681	1750521.3404271	1761483.53628431	1851362.50370845
343798.989106893	308800.172740956	326702.393500552	296070.933617182	350781.718656495	298265.158675382	343560.001570616	294949.992614615	310805.889830779	311661.843795831	340533.557721689	326392.766966826
579174.319214594	595742.622666128	581346.193818565	680104.062765595	778593.820894693	499821.995662038	741386.083643352	628458.811582061	595782.670099264	766090.832752363	714194.398388241	781612.5075393
268841.315080096	293785.266774134	293762.388310518	303211.233209856	296933.308401494	264352.202737815	330054.355402922	297722.919376839	318185.770517147	281060.840215095	320964.932922964	298585.191688287
267002.531844699	256266.239237428	238801.886779978	262942.959876524	270376.643278744	223644.08948872	253127.277140252	239449.485224915	248456.509001806	242347.302459593	230411.060816954	246701.511499182
44966.9143764063	54911.0249946984	56302.6314219491	54000.2587696186	104213.713852475	43842.0689016463	78147.7803744711	56287.0324719286	65694.525642086	105754.952982295	65007.791632014	83824.9195303362
304978.534910088	306487.935505758	290118.292642938	278666.703805284	287212.83155117	300860.039547614	285119.968631137	270290.230799062	309279.896702681	318696.455712344	306876.708083806	313184.063677247
478878.621378451	453044.276678717	477385.372465601	476806.831280331	544737.129905837	442587.309263176	485332.816877216	506082.98445595	437177.990619265	463365.297899177	447720.518303388	498340.619855192
427799.347980423	438037.682083545	316017.993201483	374463.145606154	512313.502466351	383073.575543008	676572.082568661	424150.357764736	712041.092031338	1067618.636549	646529.53156636	717898.03638006
788913.795656138	761239.982694802	640789.691806362	684028.347401031	674667.642165026	646806.739941629	725700.39285034	675194.621432977	597489.382671242	567251.727647382	603766.008948396	653386.985688469
143953.214431642	172109.788612203	247330.426442468	164294.766947852	130556.518708598	82680.5619718998	149350.084551277	83334.339013903	86654.4745940359	132307.110120518	117174.59327662	160992.794229802
411308.209763038	415953.773911258	464767.252224618	433951.645224547	394429.334357563	372720.200519459	403509.996986899	418043.145526904	386594.125698219	393135.621938629	409273.339710561	464548.883236977
435992.49831318	597865.934246883	568128.03757854	393744.993176325	466298.815146668	393355.699924585	381422.398355916	413829.270352265	377120.491009333	398482.74456033	376959.098444106	397806.794271908
81786.8445007283	91499.2982993468	86895.0274011599	97877.9593592806	102671.4163301	93069.1430060764	101779.041923618	85343.0212129194	86436.8829541901	109586.940761049	91165.3386184194	92577.2925820415
469096.403421731	446710.216002121	461251.610687702	498148.091308923	542927.203079119	420404.909851065	525178.590087254	506217.149758074	517084.971416804	502783.856729008	566753.554103762	498474.348250769
236306.244365018	260472.439541254	241917.249433688	190349.869707386	148091.505599024	224620.391907589	139837.720830071	140511.161259587	190863.289407039	126195.088657788	163134.529425855	147324.958889526
236306.244365018	260472.439541254	241917.249433688	190349.869707386	148091.505599024	224620.391907589	139837.720830071	140511.161259587	190863.289407039	126195.088657788	163134.529425855	147324.958889526
153562.051854481	120066.874847904	112516.198517573	98027.1895920332	117387.493400959	125879.482000162	123321.77411026	84167.5094888381	173280.457238638	121439.310449056	153519.566339753	121579.482496113
419689.415474941	451992.95636826	444858.444853685	390716.608284645	378553.019170516	353977.591314857	403019.489565419	336512.350813022	410545.939737398	329820.033779468	414780.805178937	421295.717430225
81005.8555090495	81575.386703364	77274.411396774	76418.7865175183	87448.4304731489	78113.6392937052	72961.4954486537	74931.3604365448	69445.116067731	83504.6906818008	86248.1392002696	96829.9436023279
270831.556878233	284026.742400178	254806.108327503	244384.348369758	292530.039314942	270353.62712965	272386.434387779	248335.140278668	289423.466045176	305923.744795393	280610.022570289	331257.633647982
124803.552225002	136215.345771349	124934.691276119	140854.395035235	148724.90382363	110452.10946439	145313.767235208	149699.588614253	117273.684562659	134248.653617287	126565.992799653	153389.336129162
297336.319754578	278754.90717201	286514.820774761	256591.522104088	411825.376206945	260468.452296904	333474.883047168	296407.128918418	313605.134167113	380437.538098883	283254.82213348	389651.348634977
145580.411993987	158162.10401663	147501.041684259	158686.609050795	195844.422361304	145985.295119363	186144.241953173	165543.667639679	168948.239604564	167500.587604361	168106.739490229	170828.918107964
162287.403938083	151596.861825201	152220.856976851	166098.928144968	183897.991376366	156097.739503342	192863.059680431	183819.094023688	154101.568513669	154176.526175495	168253.067904899	185680.62611719
104196.214417963	125196.306630412	146879.51947108	137641.262102647	93780.013985346	111085.718736243	115400.630456508	109938.526515469	109516.726408549	88120.8195958231	109091.165547506	108103.08913093
316082.732773301	323484.604001281	334876.086423808	342459.428572003	342503.28806083	298854.378753939	351465.855845838	347248.43725961	288971.94684092	327814.659831517	338010.281082413	342952.135319962
489373.481038556	495220.79748715	500987.74133649	452976.076196182	505729.930561274	485842.972729709	481344.797965853	403303.60382552	525076.990985573	510615.558738745	508565.005436388	641591.006153888
852389.107172706	710643.809067507	746443.463607152	1213862.26586381	2376308.58593705	742229.348044641	2173448.34547654	1025247.65900267	830007.630881784	2791877.18517263	1375649.90417561	2572672.40495559
470273.41024508	604535.987905951	679864.668525844	471174.754093331	540430.79677829	622008.411553155	714070.575016987	511827.992926741	472840.33427123	583739.440885868	620506.235529216	740496.831838991
455288.79412487	519231.76511188	482976.876433236	409503.400739021	396501.69914862	439689.774121598	463943.770329126	333629.058246258	466751.11506356	320837.39865602	429161.079141114	428766.018977011
455288.79412487	519231.76511188	482976.876433236	409503.400739021	396501.69914862	439689.774121598	463943.770329126	333629.058246258	466751.11506356	320837.39865602	429161.079141114	428766.018977011
280075.113914063	276073.444256645	287879.816184473	300775.60180099	345433.346183765	258900.142895559	326165.028213046	313289.963806168	274323.647446342	276897.23599251	264797.964817609	305874.753560529
105529.377499217	107602.774133725	96330.0574536403	103467.299713219	157716.816969213	124541.760641068	129635.430297092	133404.785935215	103429.302582991	164386.073082772	103118.984859859	130150.519905452
28631.1479179685	30527.823939839	24203.6499854563	30429.0046739535	40733.729772918	24613.1942497747	34263.5784553272	30962.4861684669	26626.7340024037	36144.8508339178	30231.6438248302	29558.066573495
662365.326072687	991073.772556243	887168.317070551	761816.929328902	862869.257031915	972338.197103529	905383.29093323	816854.237460493	811004.268391552	1156187.81919808	844217.461696753	1229350.18535658
277305.832582333	267856.394856904	282729.577284101	291842.959389845	357646.799737366	245399.767920419	330618.505942858	289014.823211281	289540.983395794	337028.406165162	276227.363000919	318228.664057649
148534.476911134	149899.396827421	141435.937182545	134886.72129188	148627.619834528	135243.789892179	135985.653771128	143487.393888256	155401.792033902	165058.953199829	185202.691838447	171379.133174558
148534.476911134	149899.396827421	141435.937182545	134886.72129188	148627.619834528	135243.789892179	135985.653771128	143487.393888256	155401.792033902	165058.953199829	185202.691838447	171379.133174558
275983.324485653	272053.032352128	290489.915932866	267161.887524609	271902.424141703	271443.517267783	265927.585580338	267770.032460656	244464.054419399	251208.932350328	263515.307500002	289106.297500416
625470.406497572	668271.705063574	686808.911459916	580314.084558102	823217.103813676	624594.268926632	732600.639536651	603210.521140318	684134.152543985	803792.864204928	718753.643880902	838168.077054144
625470.406497572	668271.705063574	686808.911459916	580314.084558102	823217.103813676	624594.268926632	732600.639536651	603210.521140318	684134.152543985	803792.864204928	718753.643880902	838168.077054144
137089.228496921	168222.151271794	179493.389312165	98507.2553821474	139810.408988365	126383.717703847	160497.318639615	80970.5687755938	154042.31136685	214001.054931737	151106.989855794	205701.397014059
137089.228496921	168222.151271794	179493.389312165	98507.2553821474	139810.408988365	126383.717703847	160497.318639615	80970.5687755938	154042.31136685	214001.054931737	151106.989855794	205701.397014059
528804.561759443	525903.228913322	564274.834743297	598303.551079523	743831.122919614	473024.245120834	666394.543938112	650781.256804658	540542.676206242	674661.928115122	591199.002818631	656393.289033931
528804.561759443	525903.228913322	564274.834743297	598303.551079523	743831.122919614	473024.245120834	666394.543938112	650781.256804658	540542.676206242	674661.928115122	591199.002818631	656393.289033931
528804.561759443	525903.228913322	564274.834743297	598303.551079523	743831.122919614	473024.245120834	666394.543938112	650781.256804658	540542.676206242	674661.928115122	591199.002818631	656393.289033931
177466.645358625	159661.058766985	116839.421499735	126922.990345623	126032.543059837	156150.773415901	151303.486435771	123895.54028553	201799.597443543	129267.753216003	164329.931022226	148427.656555225
366840.30832324	382471.369249684	426043.469136382	438293.051057246	414767.612993342	389394.36232589	461619.365406041	416062.194077437	345399.46756243	351477.817741409	386999.65046464	378007.749723018
498511.852091721	518866.738028326	460497.737906739	468123.512838252	435209.351317816	471465.84795531	484117.753782046	470453.369715944	474674.703503828	437460.445050543	464161.362416158	467617.47274372
37410.7682539345	49528.2513425356	50771.0053249476	44514.1232430368	73964.8606908567	43180.208595883	53746.8061639318	57527.745803237	43157.0479858988	51571.0754993834	37007.4785164556	48325.6755547463
389273.808818614	359200.682049398	366487.505895575	454057.961421813	440929.522443676	380697.187727003	441915.482471695	408799.273846524	473155.504313836	488338.244749604	374364.749291924	422572.483357427
389273.808818614	359200.682049398	366487.505895575	454057.961421813	440929.522443676	380697.187727003	441915.482471695	408799.273846524	473155.504313836	488338.244749604	374364.749291924	422572.483357427
339836.283251934	346843.882854507	357720.115573338	442021.86747886	514879.169734223	324786.44260868	477801.229739966	456268.768003702	359405.646650144	489271.9791466	381983.390540225	463959.340369162
201538.303093318	228003.193892208	216748.738224765	263254.8390098	267743.58131469	194265.155288101	246337.689934398	251302.593955262	192152.184488557	239735.181939607	227618.998941555	254290.042973823
154105.155774016	145988.106949633	140765.77425279	174935.948545439	200481.255043016	140963.990364453	179949.968454974	184962.13588209	153855.448343186	159647.581838061	151428.674409841	173602.488123215
86269.9995931707	81934.5820327224	56158.3942699794	74685.3894466563	167485.995965625	80764.2578372455	124174.357399234	101446.220994264	159214.635645301	804212.546420261	155578.58316065	313416.66867334
203599.206968104	202657.854772866	204290.082311594	205240.508047586	244696.681116408	173109.321865958	232559.211219746	227846.590224767	171591.259612505	223675.189435691	198299.421551464	245183.285521855
68566.380248436	83249.3110677448	70886.8827437401	59791.6698430788	78109.6170860071	70013.0843134901	69713.9727673934	69029.2758204094	64643.2703109832	90682.737260664	86638.7349960522	108204.663461467
248380.712662469	281491.089112313	245045.980109301	229111.018643061	222680.033450545	278080.336160572	239254.191912219	225645.682379745	257825.904430498	206402.121936395	244570.014849723	255718.40695206
494900.039490407	404212.374841687	349540.946855219	403602.160605606	362225.581029138	372122.138468731	367813.822942266	436037.888175116	447422.922886079	362826.359724598	405563.586186978	373110.843037859
262593.425112203	255982.290146812	267613.420816828	249171.973941261	258594.259998733	258164.066803973	246869.39221982	272978.119976035	234419.124246484	263778.976319703	251044.722035953	269223.369593774
713712.67202965	586229.394598483	545196.88321831	539019.963435218	726576.588669002	683920.384542656	1222525.18321417	610423.855830827	809528.2826813	832296.603426088	793549.7034488	728605.391675293
713712.67202965	586229.394598483	545196.88321831	539019.963435218	726576.588669002	683920.384542656	1222525.18321417	610423.855830827	809528.2826813	832296.603426088	793549.7034488	728605.391675293
272741.216518366	223480.712228564	223117.801575817	390644.29327085	511331.869774025	258849.154292452	355711.734269525	506082.706859191	256487.856310578	435195.659457741	311581.041714125	357345.393509296
